{
    "kind": "Template",
    "apiVersion": "v1",
    "metadata": {
        "annotations": {
            "description": "Application template for JBoss A-MQ brokers. These can be deployed as standalone and use persistent storage for saving messages. This template doesn't feature SSL support.",
            "iconClass": "icon-jboss",
            "tags": "messaging,amq,jboss,xpaas",
            "version": "1.3.1"
        },
        "name": "amq62-persistent"
    },
    "labels": {
        "template": "amq62-persistent",
        "xpaas": "1.3.1"
    },
    "parameters": [
        {
            "description": "The name for the application.",
            "name": "APPLICATION_NAME",
            "value": "broker",
            "required": true
        },
        {
            "description": "Split the data directory for each node in a mesh.",
            "name": "AMQ_SPLIT",
            "value": "false",
            "required": false
        },
        {
            "description": "Protocols to configure, separated by commas.  Allowed values are: `openwire`, `amqp`, `stomp` and `mqtt`.",
            "name": "MQ_PROTOCOL",
            "value": "openwire",
            "required": false
        },
        {
            "description": "Queue names, separated by commas.  These queues will be automatically created when the broker starts.  If left empty, queues will be still created dynamically.",
            "name": "MQ_QUEUES",
            "value": "",
            "required": false
        },
        {
            "description": "Topic names, separated by commas.  These topics will be automatically created when the broker starts.  If left empty, topics will be still created dynamically.",
            "name": "MQ_TOPICS",
            "value": "",
            "required": false
        },
        {
            "description": "List of packages that are allowed to be serialized for use in ObjectMessage, separated by commas. If your app doesn't use ObjectMessages, leave this blank. This is a security enforcement. For the rationale, see http://activemq.apache.org/objectmessage.html",
            "name": "MQ_SERIALIZABLE_PACKAGES",
            "value": "",
            "required": false
        },
        {
            "description": "Size of persistent storage for database volume.",
            "name": "VOLUME_CAPACITY",
            "value": "512Mi",
            "required": true
        },
        {
            "description": "User name for standard broker user.  It is required for connecting to the broker.  If left empty, it will be generated.",
            "name": "MQ_USERNAME",
            "from": "user[a-zA-Z0-9]{3}",
            "generate": "expression",
            "required": false
        },
        {
            "description": "Password for standard broker user.  It is required for connecting to the broker.  If left empty, it will be generated.",
            "name": "MQ_PASSWORD",
            "from": "[a-zA-Z0-9]{8}",
            "generate": "expression",
            "required": false
        },
        {
            "description": "The discovery agent type to use for discovering mesh endpoints.  'dns' will use OpenShift's DNS service to resolve endpoints.  'kube' will use Kubernetes REST API to resolve service endpoints.  If using 'kube' the service account for the pod must have the 'view' role, which can be added via 'oc policy add-role-to-user view system:serviceaccount:<namespace>:default' where <namespace> is the project namespace.",
            "name": "AMQ_MESH_DISCOVERY_TYPE",
            "value": "kube",
            "required": false
        },
        {
            "description": "The A-MQ storage usage limit",
            "name": "AMQ_STORAGE_USAGE_LIMIT",
            "value": "100 gb",
            "required": false
        },
        {
            "description": "Namespace in which the ImageStreams for Red Hat Middleware images are installed. These ImageStreams are normally installed in the openshift namespace. You should only need to modify this if you've installed the ImageStreams in a different namespace/project.",
            "name": "IMAGE_STREAM_NAMESPACE",
            "value": "openshift",
            "required": true
        }
    ],
    "objects": [
        {
            "kind": "Service",
            "apiVersion": "v1",
            "spec": {
                "ports": [
                    {
                        "port": 5672,
                        "targetPort": 5672
                    }
                ],
                "selector": {
                    "deploymentConfig": "${APPLICATION_NAME}-amq"
                }
            },
            "metadata": {
                "name": "${APPLICATION_NAME}-amq-amqp",
                "labels": {
                    "application": "${APPLICATION_NAME}"
                },
                "annotations": {
                    "description": "The broker's AMQP port."
                }
            }
        },
        {
            "kind": "Service",
            "apiVersion": "v1",
            "spec": {
                "ports": [
                    {
                        "port": 1883,
                        "targetPort": 1883
                    }
                ],
                "selector": {
                    "deploymentConfig": "${APPLICATION_NAME}-amq"
                }
            },
            "metadata": {
                "name": "${APPLICATION_NAME}-amq-mqtt",
                "labels": {
                    "application": "${APPLICATION_NAME}"
                },
                "annotations": {
                    "description": "The broker's MQTT port."
                }
            }
        },
        {
            "kind": "Service",
            "apiVersion": "v1",
            "spec": {
                "ports": [
                    {
                        "port": 61613,
                        "targetPort": 61613
                    }
                ],
                "selector": {
                    "deploymentConfig": "${APPLICATION_NAME}-amq"
                }
            },
            "metadata": {
                "name": "${APPLICATION_NAME}-amq-stomp",
                "labels": {
                    "application": "${APPLICATION_NAME}"
                },
                "annotations": {
                    "description": "The broker's STOMP port."
                }
            }
        },
        {
            "kind": "Service",
            "apiVersion": "v1",
            "spec": {
                "ports": [
                    {
                        "port": 61616,
                        "targetPort": 61616
                    }
                ],
                "selector": {
                    "deploymentConfig": "${APPLICATION_NAME}-amq"
                }
            },
            "metadata": {
                "name": "${APPLICATION_NAME}-amq-tcp",
                "labels": {
                    "application": "${APPLICATION_NAME}"
                },
                "annotations": {
                    "description": "The broker's OpenWire port."
                }
            }
        },
        {
            "kind": "DeploymentConfig",
            "apiVersion": "v1",
            "metadata": {
                "name": "${APPLICATION_NAME}-amq",
                "labels": {
                    "application": "${APPLICATION_NAME}"
                }
            },
            "spec": {
                "strategy": {
                    "type": "Rolling",
                    "rollingParams": {
                        "maxSurge": 0
                    }
                },
                "triggers": [
                    {
                        "type": "ImageChange",
                        "imageChangeParams": {
                            "automatic": true,
                            "containerNames": [
                                "${APPLICATION_NAME}-amq"
                            ],
                            "from": {
                                "kind": "ImageStreamTag",
                                "namespace": "${IMAGE_STREAM_NAMESPACE}",
                                "name": "jboss-amq-62:1.3"
                            }
                        }
                    },
                    {
                        "type": "ConfigChange"
                    }
                ],
                "replicas": 1,
                "selector": {
                    "deploymentConfig": "${APPLICATION_NAME}-amq"
                },
                "template": {
                    "metadata": {
                        "name": "${APPLICATION_NAME}-amq",
                        "labels": {
                            "deploymentConfig": "${APPLICATION_NAME}-amq",
                            "application": "${APPLICATION_NAME}"
                        }
                    },
                    "spec": {
                        "terminationGracePeriodSeconds": 60,
                        "containers": [
                            {
                                "name": "${APPLICATION_NAME}-amq",
                                "image": "jboss-amq-62",
                                "imagePullPolicy": "Always",
                                "volumeMounts": [
                                    {
                                        "mountPath": "/opt/amq/data",
                                        "name": "${APPLICATION_NAME}-amq-pvol"
                                    }
                                ],
                                "readinessProbe": {
                                    "exec": {
                                        "command": [
                                            "/bin/bash",
                                            "-c",
                                            "/opt/amq/bin/readinessProbe.sh"
                                        ]
                                    }
                                },
                                "ports": [
                                    {
                                        "name": "jolokia",
                                        "containerPort": 8778,
                                        "protocol": "TCP"
                                    },
                                    {
                                        "name": "amqp",
                                        "containerPort": 5672,
                                        "protocol": "TCP"
                                    },
                                    {
                                        "name": "mqtt",
                                        "containerPort": 1883,
                                        "protocol": "TCP"
                                    },
                                    {
                                        "name": "stomp",
                                        "containerPort": 61613,
                                        "protocol": "TCP"
                                    },
                                    {
                                        "name": "tcp",
                                        "containerPort": 61616,
                                        "protocol": "TCP"
                                    }
                                ],
                                "env": [
                                    {
                                        "name": "AMQ_USER",
                                        "value": "${MQ_USERNAME}"
                                    },
                                    {
                                        "name": "AMQ_PASSWORD",
                                        "value": "${MQ_PASSWORD}"
                                    },
                                    {
                                        "name": "AMQ_TRANSPORTS",
                                        "value": "${MQ_PROTOCOL}"
                                    },
                                    {
                                        "name": "AMQ_QUEUES",
                                        "value": "${MQ_QUEUES}"
                                    },
                                    {
                                        "name": "AMQ_TOPICS",
                                        "value": "${MQ_TOPICS}"
                                    },
                                    {
                                        "name": "MQ_SERIALIZABLE_PACKAGES",
                                        "value": "${MQ_SERIALIZABLE_PACKAGES}"
                                    },
                                    {
                                        "name": "AMQ_SPLIT",
                                        "value": "${AMQ_SPLIT}"
                                    },
                                    {
                                        "name": "AMQ_MESH_DISCOVERY_TYPE",
                                        "value": "${AMQ_MESH_DISCOVERY_TYPE}"
                                    },
                                    {
                                        "name": "AMQ_MESH_SERVICE_NAME",
                                        "value": "${APPLICATION_NAME}-amq-tcp"
                                    },
                                    {
                                        "name": "AMQ_MESH_SERVICE_NAMESPACE",
                                        "valueFrom": {
                                            "fieldRef": {
                                                "fieldPath": "metadata.namespace"
                                            }
                                        }
                                    },
                                    {
                                        "name": "AMQ_STORAGE_USAGE_LIMIT",
                                        "value": "${AMQ_STORAGE_USAGE_LIMIT}"
                                    }
                                ]
                            }
                        ],
                        "volumes": [
                            {
                                "name": "${APPLICATION_NAME}-amq-pvol",
                                "persistentVolumeClaim": {
                                    "claimName": "${APPLICATION_NAME}-amq-claim"
                                }
                            }
                        ]
                    }
                }
            }
        },
        {
            "apiVersion": "v1",
            "kind": "PersistentVolumeClaim",
            "metadata": {
                "name": "${APPLICATION_NAME}-amq-claim",
                "labels": {
                    "application": "${APPLICATION_NAME}"
                }
            },
            "spec": {
                "accessModes": [
                    "ReadWriteMany"
                ],
                "resources": {
                    "requests": {
                        "storage": "${VOLUME_CAPACITY}"
                    }
                }
            }
        }
    ]
}
