{
    "kind": "Template",
    "apiVersion": "v1",
    "metadata": {
        "annotations": {
            "iconClass": "icon-jboss",
            "description": "Application template for JDG 6.5 and MySQL applications with persistent storage.",
            "tags": "datagrid,jboss,xpaas",
            "version": "1.2.0"
        },
        "name": "datagrid65-mysql-persistent"
    },
    "labels": {
        "template": "datagrid65-mysql-persistent",
        "xpaas": "1.2.0"
    },
    "parameters": [
        {
            "description": "The name for the application.",
            "name": "APPLICATION_NAME",
            "value": "datagrid-app",
            "required": true
        },
        {
            "description": "Custom hostname for http service route.  Leave blank for default hostname, e.g.: <application-name>-<project>.<default-domain-suffix>",
            "name": "HOSTNAME_HTTP",
            "value": "",
            "required": false
        },
        {
            "description": "Custom hostname for https service route.  Leave blank for default hostname, e.g.: secure-<application-name>-<project>.<default-domain-suffix>",
            "name": "HOSTNAME_HTTPS",
            "value": "",
            "required": false
        },
        {
            "description": "User name for JDG user.",
            "name": "USERNAME",
            "value": "",
            "required": false
        },
        {
            "description": "Password for JDG user.",
            "name": "PASSWORD",
            "value": "",
            "required": false
        },
        {
            "description": "The name of the secret containing the keystore file",
            "name": "HTTPS_SECRET",
            "value": "datagrid-app-secret",
            "required": true
        },
        {
            "description": "The name of the keystore file within the secret",
            "name": "HTTPS_KEYSTORE",
            "value": "keystore.jks",
            "required": false
        },
        {
            "description": "The name associated with the server certificate",
            "name": "HTTPS_NAME",
            "value": "",
            "required": false
        },
        {
            "description": "The password for the keystore and certificate",
            "name": "HTTPS_PASSWORD",
            "value": "",
            "required": false
        },
        {
            "description": "Database JNDI name used by application to resolve the datasource, e.g. java:/jboss/datasources/mysql",
            "name": "DB_JNDI",
            "value": "java:/jboss/datasources/mysql",
            "required": false
        },
        {
            "description": "Database name",
            "name": "DB_DATABASE",
            "value": "root",
            "required": true
        },
        {
            "description": "Database user name",
            "name": "DB_USERNAME",
            "from": "user[a-zA-Z0-9]{3}",
            "generate": "expression",
            "required": true
        },
        {
            "description": "Database user password",
            "name": "DB_PASSWORD",
            "from": "[a-zA-Z0-9]{8}",
            "generate": "expression",
            "required": true
        },
        {
            "description": "Sets xa-pool/min-pool-size for the configured datasource.",
            "name": "DB_MIN_POOL_SIZE",
            "required": false
        },
        {
            "description": "Sets xa-pool/max-pool-size for the configured datasource.",
            "name": "DB_MAX_POOL_SIZE",
            "required": false
        },
        {
            "description": "Sets transaction-isolation for the configured datasource.",
            "name": "DB_TX_ISOLATION",
            "required": false
        },
        {
            "description": "Sets how the table names are stored and compared.",
            "name": "MYSQL_LOWER_CASE_TABLE_NAMES",
            "required": false
        },
        {
            "description": "The maximum permitted number of simultaneous client connections.",
            "name": "MYSQL_MAX_CONNECTIONS",
            "required": false
        },
        {
            "description": "The minimum length of the word to be included in a FULLTEXT index.",
            "name": "MYSQL_FT_MIN_WORD_LEN",
            "required": false
        },
        {
            "description": "The maximum length of the word to be included in a FULLTEXT index.",
            "name": "MYSQL_FT_MAX_WORD_LEN",
            "required": false
        },
        {
            "description": "Controls the innodb_use_native_aio setting value if the native AIO is broken.",
            "name": "MYSQL_AIO",
            "required": false
        },
        {
            "description": "Size of persistent storage for database volume.",
            "name": "VOLUME_CAPACITY",
            "value": "512Mi",
            "required": true
        },
        {
            "description": "Namespace in which the ImageStreams for Red Hat Middleware images are installed. These ImageStreams are normally installed in the openshift namespace. You should only need to modify this if you've installed the ImageStreams in a different namespace/project.",
            "name": "IMAGE_STREAM_NAMESPACE",
            "value": "openshift",
            "required": true
        },
        {
            "description": "Comma-separated list of connector types that should be configured (defaults to 'memcached,hotrod,rest')",
            "name": "INFINISPAN_CONNECTORS",
            "value": "hotrod,memcached,rest",
            "required": false
        },
        {
            "description": "Comma-separated list of caches to configure.  By default, a distributed-cache, with a mode of SYNC will be configured for each entry.",
            "name": "CACHE_NAMES",
            "value": "",
            "required": false
        },
        {
            "description": "",
            "name": "ENCRYPTION_REQUIRE_SSL_CLIENT_AUTH",
            "value": "",
            "required": false
        },
        {
            "description": "The name of the cache to expose through this memcached connector (defaults to 'default')",
            "name": "MEMCACHED_CACHE",
            "value": "default",
            "required": false
        },
        {
            "description": "The domain, declared in the security subsystem, that should be used to authenticate access to the REST endpoint",
            "name": "REST_SECURITY_DOMAIN",
            "value": "",
            "required": false
        },
        {
            "description": "The name of the secret containing the keystore file",
            "name": "JGROUPS_ENCRYPT_SECRET",
            "value": "datagrid-app-secret",
            "required": false
        },
        {
            "description": "The name of the keystore file within the secret",
            "name": "JGROUPS_ENCRYPT_KEYSTORE",
            "value": "jgroups.jceks",
            "required": false
        },
        {
            "description": "The name associated with the server certificate",
            "name": "JGROUPS_ENCRYPT_NAME",
            "value": "",
            "required": false
        },
        {
            "description": "The password for the keystore and certificate",
            "name": "JGROUPS_ENCRYPT_PASSWORD",
            "value": "",
            "required": false
        },
        {
            "description": "JGroups cluster password",
            "name": "JGROUPS_CLUSTER_PASSWORD",
            "from": "[a-zA-Z0-9]{8}",
            "generate": "expression",
            "required": true
        }
    ],
    "objects": [
        {
            "kind": "Service",
            "apiVersion": "v1",
            "spec": {
                "ports": [
                    {
                        "port": 8080,
                        "targetPort": 8080
                    }
                ],
                "selector": {
                    "deploymentConfig": "${APPLICATION_NAME}"
                }
            },
            "metadata": {
                "name": "${APPLICATION_NAME}",
                "labels": {
                    "application": "${APPLICATION_NAME}"
                },
                "annotations": {
                    "description": "The web server's HTTP port."
                }
            }
        },
        {
            "kind": "Service",
            "apiVersion": "v1",
            "spec": {
                "ports": [
                    {
                        "port": 8443,
                        "targetPort": 8443
                    }
                ],
                "selector": {
                    "deploymentConfig": "${APPLICATION_NAME}"
                }
            },
            "metadata": {
                "name": "secure-${APPLICATION_NAME}",
                "labels": {
                    "application": "${APPLICATION_NAME}"
                },
                "annotations": {
                    "description": "The web server's HTTPS port."
                }
            }
        },
        {
            "kind": "Service",
            "apiVersion": "v1",
            "spec": {
                "ports": [
                    {
                        "port": 11211,
                        "targetPort": 11211
                    }
                ],
                "selector": {
                    "deploymentConfig": "${APPLICATION_NAME}"
                }
            },
            "metadata": {
                "name": "${APPLICATION_NAME}-memcached",
                "labels": {
                    "application": "${APPLICATION_NAME}"
                },
                "annotations": {
                    "description": "Memcached service for clustered applications."
                }
            }
        },
        {
            "kind": "Service",
            "apiVersion": "v1",
            "spec": {
                "ports": [
                    {
                        "port": 11333,
                        "targetPort": 11333
                    }
                ],
                "selector": {
                    "deploymentConfig": "${APPLICATION_NAME}"
                }
            },
            "metadata": {
                "name": "${APPLICATION_NAME}-hotrod",
                "labels": {
                    "application": "${APPLICATION_NAME}"
                },
                "annotations": {
                    "description": "Hot Rod service for clustered applications."
                }
            }
        },
        {
            "kind": "Service",
            "apiVersion": "v1",
            "spec": {
                "ports": [
                    {
                        "port": 3306,
                        "targetPort": 3306
                    }
                ],
                "selector": {
                    "deploymentConfig": "${APPLICATION_NAME}-mysql"
                }
            },
            "metadata": {
                "name": "${APPLICATION_NAME}-mysql",
                "labels": {
                    "application": "${APPLICATION_NAME}"
                },
                "annotations": {
                    "description": "The database server's port."
                }
            }
        },
        {
            "kind": "Route",
            "apiVersion": "v1",
            "id": "${APPLICATION_NAME}-http",
            "metadata": {
                "name": "${APPLICATION_NAME}",
                "labels": {
                    "application": "${APPLICATION_NAME}"
                },
                "annotations": {
                    "description": "Route for application's HTTP service."
                }
            },
            "spec": {
                "host": "${HOSTNAME_HTTP}",
                "to": {
                    "name": "${APPLICATION_NAME}"
                }
            }
        },
        {
            "kind": "Route",
            "apiVersion": "v1",
            "id": "${APPLICATION_NAME}-https",
            "metadata": {
                "name": "secure-${APPLICATION_NAME}",
                "labels": {
                    "application": "${APPLICATION_NAME}"
                },
                "annotations": {
                    "description": "Route for application's HTTPS service."
                }
            },
            "spec": {
                "host": "${HOSTNAME_HTTPS}",
                "to": {
                    "name": "secure-${APPLICATION_NAME}"
                },
                "tls": {
                    "termination": "passthrough"
                }
            }
        },
        {
            "kind": "DeploymentConfig",
            "apiVersion": "v1",
            "metadata": {
                "name": "${APPLICATION_NAME}",
                "labels": {
                    "application": "${APPLICATION_NAME}"
                }
            },
            "spec": {
                "strategy": {
                    "type": "Recreate"
                },
                "triggers": [
                    {
                        "type": "ImageChange",
                        "imageChangeParams": {
                            "automatic": true,
                            "containerNames": [
                                "${APPLICATION_NAME}"
                            ],
                            "from": {
                                "kind": "ImageStreamTag",
                                "namespace": "${IMAGE_STREAM_NAMESPACE}",
                                "name": "jboss-datagrid65-openshift:1.2"
                            }
                        }
                    },
                    {
                        "type": "ConfigChange"
                    }
                ],
                "replicas": 1,
                "selector": {
                    "deploymentConfig": "${APPLICATION_NAME}"
                },
                "template": {
                    "metadata": {
                        "name": "${APPLICATION_NAME}",
                        "labels": {
                            "deploymentConfig": "${APPLICATION_NAME}",
                            "application": "${APPLICATION_NAME}"
                        }
                    },
                    "spec": {
                        "serviceAccountName": "datagrid-service-account",
                        "terminationGracePeriodSeconds": 60,
                        "containers": [
                            {
                                "name": "${APPLICATION_NAME}",
                                "image": "jboss-datagrid65-openshift",
                                "imagePullPolicy": "Always",
                                "volumeMounts": [
                                    {
                                        "name": "datagrid-keystore-volume",
                                        "mountPath": "/etc/datagrid-secret-volume",
                                        "readOnly": true
                                    },
                                    {
                                        "name": "datagrid-jgroups-keystore-volume",
                                        "mountPath": "/etc/jgroups-encrypt-secret-volume",
                                        "readOnly": true
                                    }
                                ],
                                "livenessProbe": {
                                    "exec": {
                                        "command": [
                                            "/bin/bash",
                                            "-c",
                                            "/opt/datagrid/bin/livenessProbe.sh"
                                        ]
                                    }
                                },
                                "readinessProbe": {
                                    "exec": {
                                        "command": [
                                            "/bin/bash",
                                            "-c",
                                            "/opt/datagrid/bin/readinessProbe.sh"
                                        ]
                                    }
                                },
                                "ports": [
                                    {
                                        "name": "jolokia",
                                        "containerPort": 8778,
                                        "protocol": "TCP"
                                    },
                                    {
                                        "name": "http",
                                        "containerPort": 8080,
                                        "protocol": "TCP"
                                    },
                                    {
                                        "name": "https",
                                        "containerPort": 8443,
                                        "protocol": "TCP"
                                    },
                                    {
                                        "name": "ping",
                                        "containerPort": 8888,
                                        "protocol": "TCP"
                                    },
                                    {
                                        "name": "memcached",
                                        "containerPort": 11211,
                                        "protocol": "TCP"
                                    },
                                    {
                                        "name": "hotrod",
                                        "containerPort": 11222,
                                        "protocol": "TCP"
                                    }
                                ],
                                "env": [
                                    {
                                        "name": "USERNAME",
                                        "value": "${USERNAME}"
                                    },
                                    {
                                        "name": "PASSWORD",
                                        "value": "${PASSWORD}"
                                    },
                                    {
                                        "name": "HTTPS_KEYSTORE_DIR",
                                        "value": "/etc/datagrid-secret-volume"
                                    },
                                    {
                                        "name": "HTTPS_KEYSTORE",
                                        "value": "${HTTPS_KEYSTORE}"
                                    },
                                    {
                                        "name": "HTTPS_NAME",
                                        "value": "${HTTPS_NAME}"
                                    },
                                    {
                                        "name": "HTTPS_PASSWORD",
                                        "value": "${HTTPS_PASSWORD}"
                                    },
                                    {
                                        "name": "DB_SERVICE_PREFIX_MAPPING",
                                        "value": "${APPLICATION_NAME}-mysql=DB"
                                    },
                                    {
                                        "name": "DB_JNDI",
                                        "value": "${DB_JNDI}"
                                    },
                                    {
                                        "name": "DB_USERNAME",
                                        "value": "${DB_USERNAME}"
                                    },
                                    {
                                        "name": "DB_PASSWORD",
                                        "value": "${DB_PASSWORD}"
                                    },
                                    {
                                        "name": "DB_DATABASE",
                                        "value": "${DB_DATABASE}"
                                    },
                                    {
                                        "name": "TX_DATABASE_PREFIX_MAPPING",
                                        "value": "${APPLICATION_NAME}-mysql=DB"
                                    },
                                    {
                                        "name": "DB_MIN_POOL_SIZE",
                                        "value": "${DB_MIN_POOL_SIZE}"
                                    },
                                    {
                                        "name": "DB_MAX_POOL_SIZE",
                                        "value": "${DB_MAX_POOL_SIZE}"
                                    },
                                    {
                                        "name": "DB_TX_ISOLATION",
                                        "value": "${DB_TX_ISOLATION}"
                                    },
                                    {
                                        "name": "DEFAULT_JDBC_STORE_TYPE",
                                        "value": "string"
                                    },
                                    {
                                        "name": "DEFAULT_JDBC_STORE_DATASOURCE",
                                        "value": "${DB_JNDI}"
                                    },
                                    {
                                        "name": "MEMCACHED_JDBC_STORE_TYPE",
                                        "value": "string"
                                    },
                                    {
                                        "name": "MEMCACHED_JDBC_STORE_DATASOURCE",
                                        "value": "${DB_JNDI}"
                                    },
                                    {
                                        "name": "OPENSHIFT_KUBE_PING_LABELS",
                                        "value": "application=${APPLICATION_NAME}"
                                    },
                                    {
                                        "name": "OPENSHIFT_KUBE_PING_NAMESPACE",
                                        "valueFrom": {
                                            "fieldRef": {
                                                "fieldPath": "metadata.namespace"
                                            }
                                        }
                                    },
                                    {
                                        "name": "INFINISPAN_CONNECTORS",
                                        "value": "${INFINISPAN_CONNECTORS}"
                                    },
                                    {
                                        "name": "CACHE_NAMES",
                                        "value": "${CACHE_NAMES}"
                                    },
                                    {
                                        "name": "ENCRYPTION_REQUIRE_SSL_CLIENT_AUTH",
                                        "value": "${ENCRYPTION_REQUIRE_SSL_CLIENT_AUTH}"
                                    },
                                    {
                                        "name": "HOTROD_SERVICE_NAME",
                                        "value": "${APPLICATION_NAME}-hotrod"
                                    },
                                    {
                                        "name": "MEMCACHED_CACHE",
                                        "value": "${MEMCACHED_CACHE}"
                                    },
                                    {
                                        "name": "REST_SECURITY_DOMAIN",
                                        "value": "${REST_SECURITY_DOMAIN}"
                                    },
                                    {
                                        "name": "JGROUPS_ENCRYPT_SECRET",
                                        "value": "${JGROUPS_ENCRYPT_SECRET}"
                                    },
                                    {
                                        "name": "JGROUPS_ENCRYPT_KEYSTORE",
                                        "value": "${JGROUPS_ENCRYPT_KEYSTORE}"
                                    },
                                    {
                                        "name": "JGROUPS_ENCRYPT_KEYSTORE_DIR",
                                        "value": "/etc/jgroups-encrypt-secret-volume"
                                    },
                                    {
                                        "name": "JGROUPS_ENCRYPT_NAME",
                                        "value": "${JGROUPS_ENCRYPT_NAME}"
                                    },
                                    {
                                        "name": "JGROUPS_ENCRYPT_PASSWORD",
                                        "value": "${JGROUPS_ENCRYPT_PASSWORD}"
                                    },
                                    {
                                        "name": "JGROUPS_CLUSTER_PASSWORD",
                                        "value": "${JGROUPS_CLUSTER_PASSWORD}"
                                    }
                                ]
                            }
                        ],
                        "volumes": [
                            {
                                "name": "datagrid-keystore-volume",
                                "secret": {
                                    "secretName": "${HTTPS_SECRET}"
                                }
                            },
                            {
                                "name": "datagrid-jgroups-keystore-volume",
                                "secret": {
                                    "secretName": "${JGROUPS_ENCRYPT_SECRET}"
                                }
                            }
                        ]
                    }
                }
            }
        },
        {
            "kind": "DeploymentConfig",
            "apiVersion": "v1",
            "metadata": {
                "name": "${APPLICATION_NAME}-mysql",
                "labels": {
                    "application": "${APPLICATION_NAME}"
                }
            },
            "spec": {
                "strategy": {
                    "type": "Recreate"
                },
                "triggers": [
                    {
                        "type": "ImageChange",
                        "imageChangeParams": {
                            "automatic": true,
                            "containerNames": [
                                "${APPLICATION_NAME}-mysql"
                            ],
                            "from": {
                                "kind": "ImageStreamTag",
                                "namespace": "${IMAGE_STREAM_NAMESPACE}",
                                "name": "mysql:latest"
                            }
                        }
                    },
                    {
                        "type": "ConfigChange"
                    }
                ],
                "replicas": 1,
                "selector": {
                    "deploymentConfig": "${APPLICATION_NAME}-mysql"
                },
                "template": {
                    "metadata": {
                        "name": "${APPLICATION_NAME}-mysql",
                        "labels": {
                            "deploymentConfig": "${APPLICATION_NAME}-mysql",
                            "application": "${APPLICATION_NAME}"
                        }
                    },
                    "spec": {
                        "containers": [
                            {
                                "name": "${APPLICATION_NAME}-mysql",
                                "image": "mysql",
                                "imagePullPolicy": "Always",
                                "ports": [
                                    {
                                        "containerPort": 3306,
                                        "protocol": "TCP"
                                    }
                                ],
                                "volumeMounts": [
                                    {
                                        "mountPath": "/var/lib/mysql/data",
                                        "name": "${APPLICATION_NAME}-mysql-pvol"
                                    }
                                ],
                                "env": [
                                    {
                                        "name": "MYSQL_USER",
                                        "value": "${DB_USERNAME}"
                                    },
                                    {
                                        "name": "MYSQL_PASSWORD",
                                        "value": "${DB_PASSWORD}"
                                    },
                                    {
                                        "name": "MYSQL_DATABASE",
                                        "value": "${DB_DATABASE}"
                                    },
                                    {
                                        "name": "MYSQL_LOWER_CASE_TABLE_NAMES",
                                        "value": "${MYSQL_LOWER_CASE_TABLE_NAMES}"
                                    },
                                    {
                                        "name": "MYSQL_MAX_CONNECTIONS",
                                        "value": "${MYSQL_MAX_CONNECTIONS}"
                                    },
                                    {
                                        "name": "MYSQL_FT_MIN_WORD_LEN",
                                        "value": "${MYSQL_FT_MIN_WORD_LEN}"
                                    },
                                    {
                                        "name": "MYSQL_FT_MAX_WORD_LEN",
                                        "value": "${MYSQL_FT_MAX_WORD_LEN}"
                                    },
                                    {
                                        "name": "MYSQL_AIO",
                                        "value": "${MYSQL_AIO}"
                                    }
                                ]
                            }
                        ],
                        "volumes": [
                            {
                                "name": "${APPLICATION_NAME}-mysql-pvol",
                                "persistentVolumeClaim": {
                                    "claimName": "${APPLICATION_NAME}-mysql-claim"
                                }
                            }
                        ]
                    }
                }
            }
        },
        {
            "apiVersion": "v1",
            "kind": "PersistentVolumeClaim",
            "metadata": {
                "name": "${APPLICATION_NAME}-mysql-claim",
                "labels": {
                    "application": "${APPLICATION_NAME}"
                }
            },
            "spec": {
                "accessModes": [
                    "ReadWriteOnce"
                ],
                "resources": {
                    "requests": {
                        "storage": "${VOLUME_CAPACITY}"
                    }
                }
            }
        }
    ]
}
