{
    "kind": "Template",
    "apiVersion": "v1",
    "metadata": {
        "annotations": {
            "description": "Application template for EAP 7 MySQL applications built using S2I.",
            "iconClass": "icon-jboss",
            "tags": "eap,mysql,javaee,java,database,jboss,xpaas",
            "version": "1.3.2"
        },
        "name": "eap70-mysql-s2i"
    },
    "labels": {
        "template": "eap70-mysql-s2i",
        "xpaas": "1.3.2"
    },
    "parameters": [
        {
            "description": "The name for the application.",
            "name": "APPLICATION_NAME",
            "value": "eap-app",
            "required": true
        },
        {
            "description": "Custom hostname for http service route.  Leave blank for default hostname, e.g.: <application-name>-<project>.<default-domain-suffix>",
            "name": "HOSTNAME_HTTP",
            "value": "",
            "required": false
        },
        {
            "description": "Custom hostname for https service route.  Leave blank for default hostname, e.g.: secure-<application-name>-<project>.<default-domain-suffix>",
            "name": "HOSTNAME_HTTPS",
            "value": "",
            "required": false
        },
        {
            "description": "Git source URI for application",
            "name": "SOURCE_REPOSITORY_URL",
            "value": "https://github.com/jboss-openshift/openshift-quickstarts",
            "required": true
        },
        {
            "description": "Git branch/tag reference",
            "name": "SOURCE_REPOSITORY_REF",
            "value": "1.3",
            "required": false
        },
        {
            "description": "Path within Git project to build; empty for root project directory.",
            "name": "CONTEXT_DIR",
            "value": "todolist/todolist-jdbc",
            "required": false
        },
        {
            "description": "Database JNDI name used by application to resolve the datasource, e.g. java:/jboss/datasources/mysql",
            "name": "DB_JNDI",
            "value": "java:jboss/datasources/TodoListDS",
            "required": false
        },
        {
            "description": "Database name",
            "name": "DB_DATABASE",
            "value": "root",
            "required": true
        },
        {
            "description": "Queue names",
            "name": "MQ_QUEUES",
            "value": "",
            "required": false
        },
        {
            "description": "Topic names",
            "name": "MQ_TOPICS",
            "value": "",
            "required": false
        },
        {
            "description": "The name of the service account to use for the deployment.  The service account should be configured to allow useage of the secret(s) specified by HTTPS_SECRET and JGROUPS_ENCRYPT_SECRET.",
            "name": "SERVICE_ACCOUNT_NAME",
            "value": "eap7-service-account",
            "required": true
        },
        {
            "description": "The name of the secret containing the keystore file",
            "name": "HTTPS_SECRET",
            "value": "eap7-app-secret",
            "required": false
        },
        {
            "description": "The name of the keystore file within the secret",
            "name": "HTTPS_KEYSTORE",
            "value": "keystore.jks",
            "required": false
        },
        {
            "description": "The type of the keystore file (JKS or JCEKS)",
            "name": "HTTPS_KEYSTORE_TYPE",
            "value": "",
            "required": false
        },
        {
            "description": "The name associated with the server certificate",
            "name": "HTTPS_NAME",
            "value": "",
            "required": false
        },
        {
            "description": "The password for the keystore and certificate",
            "name": "HTTPS_PASSWORD",
            "value": "",
            "required": false
        },
        {
            "description": "Sets xa-pool/min-pool-size for the configured datasource.",
            "name": "DB_MIN_POOL_SIZE",
            "required": false
        },
        {
            "description": "Sets xa-pool/max-pool-size for the configured datasource.",
            "name": "DB_MAX_POOL_SIZE",
            "required": false
        },
        {
            "description": "Sets transaction-isolation for the configured datasource.",
            "name": "DB_TX_ISOLATION",
            "required": false
        },
        {
            "description": "Sets how the table names are stored and compared.",
            "name": "MYSQL_LOWER_CASE_TABLE_NAMES",
            "required": false
        },
        {
            "description": "The maximum permitted number of simultaneous client connections.",
            "name": "MYSQL_MAX_CONNECTIONS",
            "required": false
        },
        {
            "description": "The minimum length of the word to be included in a FULLTEXT index.",
            "name": "MYSQL_FT_MIN_WORD_LEN",
            "required": false
        },
        {
            "description": "The maximum length of the word to be included in a FULLTEXT index.",
            "name": "MYSQL_FT_MAX_WORD_LEN",
            "required": false
        },
        {
            "description": "Controls the innodb_use_native_aio setting value if the native AIO is broken.",
            "name": "MYSQL_AIO",
            "required": false
        },
        {
            "description": "A-MQ cluster admin password",
            "name": "MQ_CLUSTER_PASSWORD",
            "from": "[a-zA-Z0-9]{8}",
            "generate": "expression",
            "required": true
        },
        {
            "description": "Database user name",
            "name": "DB_USERNAME",
            "from": "user[a-zA-Z0-9]{3}",
            "generate": "expression",
            "required": true
        },
        {
            "description": "Database user password",
            "name": "DB_PASSWORD",
            "from": "[a-zA-Z0-9]{8}",
            "generate": "expression",
            "required": true
        },
        {
            "description": "GitHub trigger secret",
            "name": "GITHUB_WEBHOOK_SECRET",
            "from": "[a-zA-Z0-9]{8}",
            "generate": "expression",
            "required": true
        },
        {
            "description": "Generic build trigger secret",
            "name": "GENERIC_WEBHOOK_SECRET",
            "from": "[a-zA-Z0-9]{8}",
            "generate": "expression",
            "required": true
        },
        {
            "description": "Namespace in which the ImageStreams for Red Hat Middleware images are installed. These ImageStreams are normally installed in the openshift namespace. You should only need to modify this if you've installed the ImageStreams in a different namespace/project.",
            "name": "IMAGE_STREAM_NAMESPACE",
            "value": "openshift",
            "required": true
        },
        {
            "description": "The name of the secret containing the keystore file",
            "name": "JGROUPS_ENCRYPT_SECRET",
            "value": "eap7-app-secret",
            "required": false
        },
        {
            "description": "The name of the keystore file within the secret",
            "name": "JGROUPS_ENCRYPT_KEYSTORE",
            "value": "jgroups.jceks",
            "required": false
        },
        {
            "description": "The name associated with the server certificate",
            "name": "JGROUPS_ENCRYPT_NAME",
            "value": "",
            "required": false
        },
        {
            "description": "The password for the keystore and certificate",
            "name": "JGROUPS_ENCRYPT_PASSWORD",
            "value": "",
            "required": false
        },
        {
            "description": "JGroups cluster password",
            "name": "JGROUPS_CLUSTER_PASSWORD",
            "from": "[a-zA-Z0-9]{8}",
            "generate": "expression",
            "required": true
        },
        {
            "description": "Controls whether exploded deployment content should be automatically deployed",
            "name": "AUTO_DEPLOY_EXPLODED",
            "value": "false",
            "required": false
        }
    ],
    "objects": [
        {
            "kind": "Service",
            "apiVersion": "v1",
            "spec": {
                "ports": [
                    {
                        "port": 8080,
                        "targetPort": 8080
                    }
                ],
                "selector": {
                    "deploymentConfig": "${APPLICATION_NAME}"
                }
            },
            "metadata": {
                "name": "${APPLICATION_NAME}",
                "labels": {
                    "application": "${APPLICATION_NAME}"
                },
                "annotations": {
                    "description": "The web server's http port."
                }
            }
        },
        {
            "kind": "Service",
            "apiVersion": "v1",
            "spec": {
                "ports": [
                    {
                        "port": 8443,
                        "targetPort": 8443
                    }
                ],
                "selector": {
                    "deploymentConfig": "${APPLICATION_NAME}"
                }
            },
            "metadata": {
                "name": "secure-${APPLICATION_NAME}",
                "labels": {
                    "application": "${APPLICATION_NAME}"
                },
                "annotations": {
                    "description": "The web server's https port."
                }
            }
        },
        {
            "kind": "Service",
            "apiVersion": "v1",
            "spec": {
                "ports": [
                    {
                        "port": 3306,
                        "targetPort": 3306
                    }
                ],
                "selector": {
                    "deploymentConfig": "${APPLICATION_NAME}-mysql"
                }
            },
            "metadata": {
                "name": "${APPLICATION_NAME}-mysql",
                "labels": {
                    "application": "${APPLICATION_NAME}"
                },
                "annotations": {
                    "description": "The database server's port."
                }
            }
        },
        {
            "kind": "Route",
            "apiVersion": "v1",
            "id": "${APPLICATION_NAME}-http",
            "metadata": {
                "name": "${APPLICATION_NAME}",
                "labels": {
                    "application": "${APPLICATION_NAME}"
                },
                "annotations": {
                    "description": "Route for application's http service."
                }
            },
            "spec": {
                "host": "${HOSTNAME_HTTP}",
                "to": {
                    "name": "${APPLICATION_NAME}"
                }
            }
        },
        {
            "kind": "Route",
            "apiVersion": "v1",
            "id": "${APPLICATION_NAME}-https",
            "metadata": {
                "name": "secure-${APPLICATION_NAME}",
                "labels": {
                    "application": "${APPLICATION_NAME}"
                },
                "annotations": {
                    "description": "Route for application's https service."
                }
            },
            "spec": {
                "host": "${HOSTNAME_HTTPS}",
                "to": {
                    "name": "secure-${APPLICATION_NAME}"
                },
                "tls": {
                    "termination": "passthrough"
                }
            }
        },
        {
            "kind": "ImageStream",
            "apiVersion": "v1",
            "metadata": {
                "name": "${APPLICATION_NAME}",
                "labels": {
                    "application": "${APPLICATION_NAME}"
                }
            }
        },
        {
            "kind": "BuildConfig",
            "apiVersion": "v1",
            "metadata": {
                "name": "${APPLICATION_NAME}",
                "labels": {
                    "application": "${APPLICATION_NAME}"
                }
            },
            "spec": {
                "source": {
                    "type": "Git",
                    "git": {
                        "uri": "${SOURCE_REPOSITORY_URL}",
                        "ref": "${SOURCE_REPOSITORY_REF}"
                    },
                    "contextDir": "${CONTEXT_DIR}"
                },
                "strategy": {
                    "type": "Source",
                    "sourceStrategy": {
                        "forcePull": true,
                        "from": {
                            "kind": "ImageStreamTag",
                            "namespace": "${IMAGE_STREAM_NAMESPACE}",
                            "name": "jboss-eap70-openshift:1.4"
                        }
                    }
                },
                "output": {
                    "to": {
                        "kind": "ImageStreamTag",
                        "name": "${APPLICATION_NAME}:latest"
                    }
                },
                "triggers": [
                    {
                        "type": "GitHub",
                        "github": {
                            "secret": "${GITHUB_WEBHOOK_SECRET}"
                        }
                    },
                    {
                        "type": "Generic",
                        "generic": {
                            "secret": "${GENERIC_WEBHOOK_SECRET}"
                        }
                    },
                    {
                        "type": "ImageChange",
                        "imageChange": {}
                    },
                    {
                        "type": "ConfigChange"
                    }
                ]
            }
        },
        {
            "kind": "DeploymentConfig",
            "apiVersion": "v1",
            "metadata": {
                "name": "${APPLICATION_NAME}",
                "labels": {
                    "application": "${APPLICATION_NAME}"
                }
            },
            "spec": {
                "strategy": {
                    "type": "Recreate"
                },
                "triggers": [
                    {
                        "type": "ImageChange",
                        "imageChangeParams": {
                            "automatic": true,
                            "containerNames": [
                                "${APPLICATION_NAME}"
                            ],
                            "from": {
                                "kind": "ImageStreamTag",
                                "name": "${APPLICATION_NAME}:latest"
                            }
                        }
                    },
                    {
                        "type": "ConfigChange"
                    }
                ],
                "replicas": 1,
                "selector": {
                    "deploymentConfig": "${APPLICATION_NAME}"
                },
                "template": {
                    "metadata": {
                        "name": "${APPLICATION_NAME}",
                        "labels": {
                            "deploymentConfig": "${APPLICATION_NAME}",
                            "application": "${APPLICATION_NAME}"
                        }
                    },
                    "spec": {
                        "serviceAccountName": "${SERVICE_ACCOUNT_NAME}",
                        "terminationGracePeriodSeconds": 75,
                        "containers": [
                            {
                                "name": "${APPLICATION_NAME}",
                                "image": "${APPLICATION_NAME}",
                                "imagePullPolicy": "Always",
                                "volumeMounts": [
                                    {
                                        "name": "eap-keystore-volume",
                                        "mountPath": "/etc/eap-secret-volume",
                                        "readOnly": true
                                    },
                                    {
                                        "name": "eap-jgroups-keystore-volume",
                                        "mountPath": "/etc/jgroups-encrypt-secret-volume",
                                        "readOnly": true
                                    }
                                ],
                                "lifecycle": {
                                    "preStop": {
                                        "exec": {
                                            "command": [
                                                "/opt/eap/bin/jboss-cli.sh",
                                                "-c",
                                                ":shutdown(timeout=60)"
                                            ]
                                        }
                                    }
                                },
                                "livenessProbe": {
                                    "exec": {
                                        "command": [
                                            "/bin/bash",
                                            "-c",
                                            "/opt/eap/bin/livenessProbe.sh"
                                        ]
                                    }
                                },
                                "readinessProbe": {
                                    "exec": {
                                        "command": [
                                            "/bin/bash",
                                            "-c",
                                            "/opt/eap/bin/readinessProbe.sh"
                                        ]
                                    }
                                },
                                "ports": [
                                    {
                                        "name": "jolokia",
                                        "containerPort": 8778,
                                        "protocol": "TCP"
                                    },
                                    {
                                        "name": "http",
                                        "containerPort": 8080,
                                        "protocol": "TCP"
                                    },
                                    {
                                        "name": "https",
                                        "containerPort": 8443,
                                        "protocol": "TCP"
                                    },
                                    {
                                        "name": "ping",
                                        "containerPort": 8888,
                                        "protocol": "TCP"
                                    }
                                ],
                                "env": [
                                    {
                                        "name": "DB_SERVICE_PREFIX_MAPPING",
                                        "value": "${APPLICATION_NAME}-mysql=DB"
                                    },
                                    {
                                        "name": "DB_JNDI",
                                        "value": "${DB_JNDI}"
                                    },
                                    {
                                        "name": "DB_USERNAME",
                                        "value": "${DB_USERNAME}"
                                    },
                                    {
                                        "name": "DB_PASSWORD",
                                        "value": "${DB_PASSWORD}"
                                    },
                                    {
                                        "name": "DB_DATABASE",
                                        "value": "${DB_DATABASE}"
                                    },
                                    {
                                        "name": "TX_DATABASE_PREFIX_MAPPING",
                                        "value": "${APPLICATION_NAME}-mysql=DB"
                                    },
                                    {
                                        "name": "DB_MIN_POOL_SIZE",
                                        "value": "${DB_MIN_POOL_SIZE}"
                                    },
                                    {
                                        "name": "DB_MAX_POOL_SIZE",
                                        "value": "${DB_MAX_POOL_SIZE}"
                                    },
                                    {
                                        "name": "DB_TX_ISOLATION",
                                        "value": "${DB_TX_ISOLATION}"
                                    },
                                    {
                                        "name": "OPENSHIFT_KUBE_PING_LABELS",
                                        "value": "application=${APPLICATION_NAME}"
                                    },
                                    {
                                        "name": "OPENSHIFT_KUBE_PING_NAMESPACE",
                                        "valueFrom": {
                                            "fieldRef": {
                                                "fieldPath": "metadata.namespace"
                                            }
                                        }
                                    },
                                    {
                                        "name": "HTTPS_KEYSTORE_DIR",
                                        "value": "/etc/eap-secret-volume"
                                    },
                                    {
                                        "name": "HTTPS_KEYSTORE",
                                        "value": "${HTTPS_KEYSTORE}"
                                    },
                                    {
                                        "name": "HTTPS_KEYSTORE_TYPE",
                                        "value": "${HTTPS_KEYSTORE_TYPE}"
                                    },
                                    {
                                        "name": "HTTPS_NAME",
                                        "value": "${HTTPS_NAME}"
                                    },
                                    {
                                        "name": "HTTPS_PASSWORD",
                                        "value": "${HTTPS_PASSWORD}"
                                    },
                                    {
                                        "name": "MQ_CLUSTER_PASSWORD",
                                        "value": "${MQ_CLUSTER_PASSWORD}"
                                    },
                                    {
                                        "name": "MQ_QUEUES",
                                        "value": "${MQ_QUEUES}"
                                    },
                                    {
                                        "name": "MQ_TOPICS",
                                        "value": "${MQ_TOPICS}"
                                    },
                                    {
                                        "name": "JGROUPS_ENCRYPT_SECRET",
                                        "value": "${JGROUPS_ENCRYPT_SECRET}"
                                    },
                                    {
                                        "name": "JGROUPS_ENCRYPT_KEYSTORE_DIR",
                                        "value": "/etc/jgroups-encrypt-secret-volume"
                                    },
                                    {
                                        "name": "JGROUPS_ENCRYPT_KEYSTORE",
                                        "value": "${JGROUPS_ENCRYPT_KEYSTORE}"
                                    },
                                    {
                                        "name": "JGROUPS_ENCRYPT_NAME",
                                        "value": "${JGROUPS_ENCRYPT_NAME}"
                                    },
                                    {
                                        "name": "JGROUPS_ENCRYPT_PASSWORD",
                                        "value": "${JGROUPS_ENCRYPT_PASSWORD}"
                                    },
                                    {
                                        "name": "JGROUPS_CLUSTER_PASSWORD",
                                        "value": "${JGROUPS_CLUSTER_PASSWORD}"
                                    },
                                    {
                                        "name": "AUTO_DEPLOY_EXPLODED",
                                        "value": "${AUTO_DEPLOY_EXPLODED}"
                                    },
                                    {
                                        "name": "DEFAULT_JOB_REPOSITORY",
                                        "value": "${APPLICATION_NAME}-mysql"
                                    },
                                    {
                                        "name": "TIMER_SERVICE_DATA_STORE",
                                        "value": "${APPLICATION_NAME}-mysql"
                                    }
                                ]
                            }
                        ],
                        "volumes": [
                            {
                                "name": "eap-keystore-volume",
                                "secret": {
                                    "secretName": "${HTTPS_SECRET}"
                                }
                            },
                            {
                                "name": "eap-jgroups-keystore-volume",
                                "secret": {
                                    "secretName": "${JGROUPS_ENCRYPT_SECRET}"
                                }
                            }
                        ]
                    }
                }
            }
        },
        {
            "kind": "DeploymentConfig",
            "apiVersion": "v1",
            "metadata": {
                "name": "${APPLICATION_NAME}-mysql",
                "labels": {
                    "application": "${APPLICATION_NAME}"
                }
            },
            "spec": {
                "strategy": {
                    "type": "Recreate"
                },
                "triggers": [
                    {
                        "type": "ImageChange",
                        "imageChangeParams": {
                            "automatic": true,
                            "containerNames": [
                                "${APPLICATION_NAME}-mysql"
                            ],
                            "from": {
                                "kind": "ImageStreamTag",
                                "namespace": "${IMAGE_STREAM_NAMESPACE}",
                                "name": "mysql:latest"
                            }
                        }
                    },
                    {
                        "type": "ConfigChange"
                    }
                ],
                "replicas": 1,
                "selector": {
                    "deploymentConfig": "${APPLICATION_NAME}-mysql"
                },
                "template": {
                    "metadata": {
                        "name": "${APPLICATION_NAME}-mysql",
                        "labels": {
                            "deploymentConfig": "${APPLICATION_NAME}-mysql",
                            "application": "${APPLICATION_NAME}"
                        }
                    },
                    "spec": {
                        "terminationGracePeriodSeconds": 60,
                        "containers": [
                            {
                                "name": "${APPLICATION_NAME}-mysql",
                                "image": "mysql",
                                "imagePullPolicy": "Always",
                                "ports": [
                                    {
                                        "containerPort": 3306,
                                        "protocol": "TCP"
                                    }
                                ],
                                "env": [
                                    {
                                        "name": "MYSQL_USER",
                                        "value": "${DB_USERNAME}"
                                    },
                                    {
                                        "name": "MYSQL_PASSWORD",
                                        "value": "${DB_PASSWORD}"
                                    },
                                    {
                                        "name": "MYSQL_DATABASE",
                                        "value": "${DB_DATABASE}"
                                    },
                                    {
                                        "name": "MYSQL_LOWER_CASE_TABLE_NAMES",
                                        "value": "${MYSQL_LOWER_CASE_TABLE_NAMES}"
                                    },
                                    {
                                        "name": "MYSQL_MAX_CONNECTIONS",
                                        "value": "${MYSQL_MAX_CONNECTIONS}"
                                    },
                                    {
                                        "name": "MYSQL_FT_MIN_WORD_LEN",
                                        "value": "${MYSQL_FT_MIN_WORD_LEN}"
                                    },
                                    {
                                        "name": "MYSQL_FT_MAX_WORD_LEN",
                                        "value": "${MYSQL_FT_MAX_WORD_LEN}"
                                    },
                                    {
                                        "name": "MYSQL_AIO",
                                        "value": "${MYSQL_AIO}"
                                    }
                                ]
                            }
                        ]
                    }
                }
            }
        }
    ]
}
