{
    "kind": "Template",
    "apiVersion": "v1",
    "metadata": {
        "annotations": {
            "iconClass": "icon-tomcat",
            "description": "Application template for JWS PostgreSQL applications built using S2I.",
            "tags": "tomcat,tomcat8,postgresql,java,database,jboss,xpaas",
            "version": "1.3.2"
        },
        "name": "jws30-tomcat8-postgresql-s2i"
    },
    "labels": {
        "template": "jws30-tomcat8-postgresql-s2i",
        "xpaas": "1.3.2"
    },
    "parameters": [
        {
            "description": "The name for the application.",
            "name": "APPLICATION_NAME",
            "value": "jws-app",
            "required": true
        },
        {
            "description": "Custom hostname for http service route.  Leave blank for default hostname, e.g.: <application-name>-<project>.<default-domain-suffix>",
            "name": "HOSTNAME_HTTP",
            "value": "",
            "required": false
        },
        {
            "description": "Custom hostname for https service route.  Leave blank for default hostname, e.g.: secure-<application-name>-<project>.<default-domain-suffix>",
            "name": "HOSTNAME_HTTPS",
            "value": "",
            "required": false
        },
        {
            "description": "Git source URI for application",
            "name": "SOURCE_REPOSITORY_URL",
            "value": "https://github.com/jboss-openshift/openshift-quickstarts",
            "required": true
        },
        {
            "description": "Git branch/tag reference",
            "name": "SOURCE_REPOSITORY_REF",
            "value": "1.2",
            "required": false
        },
        {
            "description": "Path within Git project to build; empty for root project directory.",
            "name": "CONTEXT_DIR",
            "value": "todolist/todolist-jdbc",
            "required": false
        },
        {
            "description": "Database JNDI name used by application to resolve the datasource, e.g. jboss/datasources/postgresqlDS",
            "name": "DB_JNDI",
            "value": "jboss/datasources/defaultDS",
            "required": false
        },
        {
            "description": "Database name",
            "name": "DB_DATABASE",
            "value": "root",
            "required": true
        },
        {
            "description": "The name of the secret containing the certificate files",
            "name": "JWS_HTTPS_SECRET",
            "value": "jws-app-secret",
            "required": true
        },
        {
            "description": "The name of the certificate file within the secret",
            "name": "JWS_HTTPS_CERTIFICATE",
            "value": "server.crt",
            "required": false
        },
        {
            "description": "The name of the certificate key file within the secret",
            "name": "JWS_HTTPS_CERTIFICATE_KEY",
            "value": "server.key",
            "required": false
        },
        {
            "description": "The certificate password",
            "name": "JWS_HTTPS_CERTIFICATE_PASSWORD",
            "value": "",
            "required": false
        },
        {
            "description": "Sets xa-pool/min-pool-size for the configured datasource.",
            "name": "DB_MIN_POOL_SIZE",
            "required": false
        },
        {
            "description": "Sets xa-pool/max-pool-size for the configured datasource.",
            "name": "DB_MAX_POOL_SIZE",
            "required": false
        },
        {
            "description": "Sets transaction-isolation for the configured datasource.",
            "name": "DB_TX_ISOLATION",
            "required": false
        },
        {
            "description": "The maximum number of client connections allowed. This also sets the maximum number of prepared transactions.",
            "name": "POSTGRESQL_MAX_CONNECTIONS",
            "required": false
        },
        {
            "description": "Configures how much memory is dedicated to PostgreSQL for caching data.",
            "name": "POSTGRESQL_SHARED_BUFFERS",
            "required": false
        },
        {
            "description": "Database user name",
            "name": "DB_USERNAME",
            "from": "user[a-zA-Z0-9]{3}",
            "generate": "expression",
            "required": true
        },
        {
            "description": "Database user password",
            "name": "DB_PASSWORD",
            "from": "[a-zA-Z0-9]{8}",
            "generate": "expression",
            "required": true
        },
        {
            "description": "JWS Admin User",
            "name": "JWS_ADMIN_USERNAME",
            "from": "[a-zA-Z0-9]{8}",
            "generate": "expression",
            "required": true
        },
        {
            "description": "JWS Admin Password",
            "name": "JWS_ADMIN_PASSWORD",
            "from": "[a-zA-Z0-9]{8}",
            "generate": "expression",
            "required": true
        },
        {
            "description": "GitHub trigger secret",
            "name": "GITHUB_WEBHOOK_SECRET",
            "from": "[a-zA-Z0-9]{8}",
            "generate": "expression",
            "required": true
        },
        {
            "description": "Generic build trigger secret",
            "name": "GENERIC_WEBHOOK_SECRET",
            "from": "[a-zA-Z0-9]{8}",
            "generate": "expression",
            "required": true
        },
        {
            "description": "Namespace in which the ImageStreams for Red Hat Middleware images are installed. These ImageStreams are normally installed in the openshift namespace. You should only need to modify this if you've installed the ImageStreams in a different namespace/project.",
            "name": "IMAGE_STREAM_NAMESPACE",
            "value": "openshift",
            "required": true
        }
    ],
    "objects": [
        {
            "kind": "Service",
            "apiVersion": "v1",
            "spec": {
                "ports": [
                    {
                        "port": 8080,
                        "targetPort": 8080
                    }
                ],
                "selector": {
                    "deploymentConfig": "${APPLICATION_NAME}"
                }
            },
            "metadata": {
                "name": "${APPLICATION_NAME}",
                "labels": {
                    "application": "${APPLICATION_NAME}"
                },
                "annotations": {
                    "description": "The web server's http port."
                }
            }
        },
        {
            "kind": "Service",
            "apiVersion": "v1",
            "spec": {
                "ports": [
                    {
                        "port": 8443,
                        "targetPort": 8443
                    }
                ],
                "selector": {
                    "deploymentConfig": "${APPLICATION_NAME}"
                }
            },
            "metadata": {
                "name": "secure-${APPLICATION_NAME}",
                "labels": {
                    "application": "${APPLICATION_NAME}"
                },
                "annotations": {
                    "description": "The web server's https port."
                }
            }
        },
        {
            "kind": "Service",
            "apiVersion": "v1",
            "spec": {
                "ports": [
                    {
                        "port": 5432,
                        "targetPort": 5432
                    }
                ],
                "selector": {
                    "deploymentConfig": "${APPLICATION_NAME}-postgresql"
                }
            },
            "metadata": {
                "name": "${APPLICATION_NAME}-postgresql",
                "labels": {
                    "application": "${APPLICATION_NAME}"
                },
                "annotations": {
                    "description": "The database server's port."
                }
            }
        },
        {
            "kind": "Route",
            "apiVersion": "v1",
            "id": "${APPLICATION_NAME}-http",
            "metadata": {
                "name": "${APPLICATION_NAME}",
                "labels": {
                    "application": "${APPLICATION_NAME}"
                },
                "annotations": {
                    "description": "Route for application's http service."
                }
            },
            "spec": {
                "host": "${HOSTNAME_HTTP}",
                "to": {
                    "name": "${APPLICATION_NAME}"
                }
            }
        },
        {
            "kind": "Route",
            "apiVersion": "v1",
            "id": "${APPLICATION_NAME}-https",
            "metadata": {
                "name": "secure-${APPLICATION_NAME}",
                "labels": {
                    "application": "${APPLICATION_NAME}"
                },
                "annotations": {
                    "description": "Route for application's https service."
                }
            },
            "spec": {
                "host": "${HOSTNAME_HTTPS}",
                "to": {
                    "name": "secure-${APPLICATION_NAME}"
                },
                "tls": {
                    "termination": "passthrough"
                }
            }
        },
        {
            "kind": "ImageStream",
            "apiVersion": "v1",
            "metadata": {
                "name": "${APPLICATION_NAME}",
                "labels": {
                    "application": "${APPLICATION_NAME}"
                }
            }
        },
        {
            "kind": "BuildConfig",
            "apiVersion": "v1",
            "metadata": {
                "name": "${APPLICATION_NAME}",
                "labels": {
                    "application": "${APPLICATION_NAME}"
                }
            },
            "spec": {
                "source": {
                    "type": "Git",
                    "git": {
                        "uri": "${SOURCE_REPOSITORY_URL}",
                        "ref": "${SOURCE_REPOSITORY_REF}"
                    },
                    "contextDir": "${CONTEXT_DIR}"
                },
                "strategy": {
                    "type": "Source",
                    "sourceStrategy": {
                        "forcePull": true,
                        "from": {
                            "kind": "ImageStreamTag",
                            "namespace": "${IMAGE_STREAM_NAMESPACE}",
                            "name": "jboss-webserver30-tomcat8-openshift:1.2"
                        }
                    }
                },
                "output": {
                    "to": {
                        "kind": "ImageStreamTag",
                        "name": "${APPLICATION_NAME}:latest"
                    }
                },
                "triggers": [
                    {
                        "type": "GitHub",
                        "github": {
                            "secret": "${GITHUB_WEBHOOK_SECRET}"
                        }
                    },
                    {
                        "type": "Generic",
                        "generic": {
                            "secret": "${GENERIC_WEBHOOK_SECRET}"
                        }
                    },
                    {
                        "type": "ImageChange",
                        "imageChange": {}
                    },
                    {
                        "type": "ConfigChange"
                    }
                ]
            }
        },
        {
            "kind": "DeploymentConfig",
            "apiVersion": "v1",
            "metadata": {
                "name": "${APPLICATION_NAME}",
                "labels": {
                    "application": "${APPLICATION_NAME}"
                }
            },
            "spec": {
                "strategy": {
                    "type": "Recreate"
                },
                "triggers": [
                    {
                        "type": "ImageChange",
                        "imageChangeParams": {
                            "automatic": true,
                            "containerNames": [
                                "${APPLICATION_NAME}"
                            ],
                            "from": {
                                "kind": "ImageStreamTag",
                                "name": "${APPLICATION_NAME}:latest"
                            }
                        }
                    },
                    {
                        "type": "ConfigChange"
                    }
                ],
                "replicas": 1,
                "selector": {
                    "deploymentConfig": "${APPLICATION_NAME}"
                },
                "template": {
                    "metadata": {
                        "name": "${APPLICATION_NAME}",
                        "labels": {
                            "deploymentConfig": "${APPLICATION_NAME}",
                            "application": "${APPLICATION_NAME}"
                        }
                    },
                    "spec": {
                        "serviceAccountName": "jws-service-account",
                        "containers": [
                            {
                                "name": "${APPLICATION_NAME}",
                                "image": "${APPLICATION_NAME}",
                                "imagePullPolicy": "Always",
                                "readinessProbe": {
                                    "exec": {
                                        "command": [
                                            "/bin/bash",
                                            "-c",
                                            "curl -s -u ${JWS_ADMIN_USERNAME}:${JWS_ADMIN_PASSWORD} 'http://localhost:8080/manager/jmxproxy/?get=Catalina%3Atype%3DServer&att=stateName' |grep -iq 'stateName *= *STARTED'"
                                        ]
                                    }
                                },
                                "volumeMounts": [
                                    {
                                        "name": "jws-certificate-volume",
                                        "mountPath": "/etc/jws-secret-volume",
                                        "readOnly": true
                                    }
                                ],
                                "ports": [
                                    {
                                        "name": "jolokia",
                                        "containerPort": 8778,
                                        "protocol": "TCP"
                                    },
                                    {
                                        "name": "http",
                                        "containerPort": 8080,
                                        "protocol": "TCP"
                                    },
                                    {
                                        "name": "https",
                                        "containerPort": 8443,
                                        "protocol": "TCP"
                                    }
                                ],
                                "env": [
                                    {
                                        "name": "DB_SERVICE_PREFIX_MAPPING",
                                        "value": "${APPLICATION_NAME}-postgresql=DB"
                                    },
                                    {
                                        "name": "DB_JNDI",
                                        "value": "${DB_JNDI}"
                                    },
                                    {
                                        "name": "DB_USERNAME",
                                        "value": "${DB_USERNAME}"
                                    },
                                    {
                                        "name": "DB_PASSWORD",
                                        "value": "${DB_PASSWORD}"
                                    },
                                    {
                                        "name": "DB_DATABASE",
                                        "value": "${DB_DATABASE}"
                                    },
                                    {
                                        "name": "DB_MIN_POOL_SIZE",
                                        "value": "${DB_MIN_POOL_SIZE}"
                                    },
                                    {
                                        "name": "DB_MAX_POOL_SIZE",
                                        "value": "${DB_MAX_POOL_SIZE}"
                                    },
                                    {
                                        "name": "DB_TX_ISOLATION",
                                        "value": "${DB_TX_ISOLATION}"
                                    },
                                    {
                                        "name": "JWS_HTTPS_CERTIFICATE_DIR",
                                        "value": "/etc/jws-secret-volume"
                                    },
                                    {
                                        "name": "JWS_HTTPS_CERTIFICATE",
                                        "value": "${JWS_HTTPS_CERTIFICATE}"
                                    },
                                    {
                                        "name": "JWS_HTTPS_CERTIFICATE_KEY",
                                        "value": "${JWS_HTTPS_CERTIFICATE_KEY}"
                                    },
                                    {
                                        "name": "JWS_HTTPS_CERTIFICATE_PASSWORD",
                                        "value": "${JWS_HTTPS_CERTIFICATE_PASSWORD}"
                                    },
                                    {
                                        "name": "JWS_ADMIN_USERNAME",
                                        "value": "${JWS_ADMIN_USERNAME}"
                                    },
                                    {
                                        "name": "JWS_ADMIN_PASSWORD",
                                        "value": "${JWS_ADMIN_PASSWORD}"
                                    }
                                ]
                            }
                        ],
                        "volumes": [
                            {
                                "name": "jws-certificate-volume",
                                "secret": {
                                    "secretName": "${JWS_HTTPS_SECRET}"
                                }
                            }
                        ]
                    }
                }
            }
        },
        {
            "kind": "DeploymentConfig",
            "apiVersion": "v1",
            "metadata": {
                "name": "${APPLICATION_NAME}-postgresql",
                "labels": {
                    "application": "${APPLICATION_NAME}"
                }
            },
            "spec": {
                "strategy": {
                    "type": "Recreate"
                },
                "triggers": [
                    {
                        "type": "ImageChange",
                        "imageChangeParams": {
                            "automatic": true,
                            "containerNames": [
                                "${APPLICATION_NAME}-postgresql"
                            ],
                            "from": {
                                "kind": "ImageStreamTag",
                                "namespace": "${IMAGE_STREAM_NAMESPACE}",
                                "name": "postgresql:latest"
                            }
                        }
                    },
                    {
                        "type": "ConfigChange"
                    }
                ],
                "replicas": 1,
                "selector": {
                    "deploymentConfig": "${APPLICATION_NAME}-postgresql"
                },
                "template": {
                    "metadata": {
                        "name": "${APPLICATION_NAME}-postgresql",
                        "labels": {
                            "deploymentConfig": "${APPLICATION_NAME}-postgresql",
                            "application": "${APPLICATION_NAME}"
                        }
                    },
                    "spec": {
                        "containers": [
                            {
                                "name": "${APPLICATION_NAME}-postgresql",
                                "image": "postgresql",
                                "ports": [
                                    {
                                        "containerPort": 5432,
                                        "protocol": "TCP"
                                    }
                                ],
                                "env": [
                                    {
                                        "name": "POSTGRESQL_USER",
                                        "value": "${DB_USERNAME}"
                                    },
                                    {
                                        "name": "POSTGRESQL_PASSWORD",
                                        "value": "${DB_PASSWORD}"
                                    },
                                    {
                                        "name": "POSTGRESQL_DATABASE",
                                        "value": "${DB_DATABASE}"
                                    },
                                    {
                                        "name": "POSTGRESQL_MAX_CONNECTIONS",
                                        "value": "${POSTGRESQL_MAX_CONNECTIONS}"
                                    },
                                    {
                                        "name": "POSTGRESQL_MAX_PREPARED_TRANSACTIONS",
                                        "value": "${POSTGRESQL_MAX_CONNECTIONS}"
                                    },
                                    {
                                        "name": "POSTGRESQL_SHARED_BUFFERS",
                                        "value": "${POSTGRESQL_SHARED_BUFFERS}"
                                    }
                                ]
                            }
                        ]
                    }
                }
            }
        }
    ]
}
