{
    "kind": "Template",
    "apiVersion": "v1",
    "metadata": {
        "annotations": {
            "description": "Application template for Red Hat JBoss BPM Suite 6.3 intelligent process server MySQL applications with persistent storage built using S2I.",
            "iconClass": "icon-jboss",
            "tags": "processserver,mysql,javaee,java,database,jboss,xpaas",
            "version": "1.3.3"
        },
        "name": "processserver63-mysql-persistent-s2i"
    },
    "labels": {
        "template": "processserver63-mysql-persistent-s2i",
        "xpaas": "1.3.3"
    },
    "parameters": [
        {
            "description": "The KIE Container deployment configuration in format: containerId=groupId:artifactId:version|c2=g2:a2:v2",
            "name": "KIE_CONTAINER_DEPLOYMENT",
            "value": "processserver-library=org.openshift.quickstarts:processserver-library:1.3.0.Final",
            "required": false
        },
        {
            "description": "The protocol to access the KIE Server REST interface.",
            "name": "KIE_SERVER_PROTOCOL",
            "value": "https",
            "required": false
        },
        {
            "description": "The port to access the KIE Server REST interface.",
            "name": "KIE_SERVER_PORT",
            "value": "8443",
            "required": false
        },
        {
            "description": "The user name to access the KIE Server REST or JMS interface.",
            "name": "KIE_SERVER_USER",
            "value": "kieserver",
            "required": false
        },
        {
            "description": "The password to access the KIE Server REST or JMS interface. Must be different than username; must not be root, admin, or administrator; must contain at least 8 characters, 1 alphabetic character(s), 1 digit(s), and 1 non-alphanumeric symbol(s).",
            "name": "KIE_SERVER_PASSWORD",
            "from": "[a-zA-Z]{6}[0-9]{1}!",
            "generate": "expression",
            "required": false
        },
        {
            "description": "JAAS LoginContext domain that shall be used to authenticate users when using JMS.",
            "name": "KIE_SERVER_DOMAIN",
            "value": "other",
            "required": false
        },
        {
            "description": "Hibernate persistence dialect.",
            "name": "KIE_SERVER_PERSISTENCE_DIALECT",
            "value": "org.hibernate.dialect.MySQL5Dialect",
            "required": false
        },
        {
            "description": "The name for the application.",
            "name": "APPLICATION_NAME",
            "value": "kie-app",
            "required": true
        },
        {
            "description": "Custom hostname for http service route.  Leave blank for default hostname, e.g.: <application-name>-<project>.<default-domain-suffix>",
            "name": "HOSTNAME_HTTP",
            "value": "",
            "required": false
        },
        {
            "description": "Custom hostname for https service route.  Leave blank for default hostname, e.g.: secure-<application-name>-<project>.<default-domain-suffix>",
            "name": "HOSTNAME_HTTPS",
            "value": "",
            "required": false
        },
        {
            "description": "Git source URI for application",
            "name": "SOURCE_REPOSITORY_URL",
            "value": "https://github.com/jboss-openshift/openshift-quickstarts",
            "required": true
        },
        {
            "description": "Git branch/tag reference",
            "name": "SOURCE_REPOSITORY_REF",
            "value": "1.3",
            "required": false
        },
        {
            "description": "Path within Git project to build; empty for root project directory.",
            "name": "CONTEXT_DIR",
            "value": "processserver/library",
            "required": false
        },
        {
            "description": "Database JNDI name used by application to resolve the datasource, e.g. java:/jboss/datasources/ExampleDS",
            "name": "DB_JNDI",
            "value": "java:jboss/datasources/ExampleDS",
            "required": false
        },
        {
            "description": "Database name",
            "name": "DB_DATABASE",
            "value": "root",
            "required": true
        },
        {
            "description": "Size of persistent storage for database volume.",
            "name": "VOLUME_CAPACITY",
            "value": "512Mi",
            "required": true
        },
        {
            "description": "Queue names",
            "name": "HORNETQ_QUEUES",
            "value": "",
            "required": false
        },
        {
            "description": "Topic names",
            "name": "HORNETQ_TOPICS",
            "value": "",
            "required": false
        },
        {
            "description": "The name of the secret containing the keystore file",
            "name": "HTTPS_SECRET",
            "value": "processserver-app-secret",
            "required": false
        },
        {
            "description": "The name of the keystore file within the secret",
            "name": "HTTPS_KEYSTORE",
            "value": "keystore.jks",
            "required": false
        },
        {
            "description": "The name associated with the server certificate",
            "name": "HTTPS_NAME",
            "value": "jboss",
            "required": false
        },
        {
            "description": "The password for the keystore and certificate",
            "name": "HTTPS_PASSWORD",
            "value": "mykeystorepass",
            "required": false
        },
        {
            "description": "Database user name",
            "name": "DB_USERNAME",
            "from": "user[a-zA-Z0-9]{3}",
            "generate": "expression",
            "required": true
        },
        {
            "description": "Database user password",
            "name": "DB_PASSWORD",
            "from": "[a-zA-Z0-9]{8}",
            "generate": "expression",
            "required": true
        },
        {
            "description": "Sets xa-pool/min-pool-size for the configured datasource.",
            "name": "DB_MIN_POOL_SIZE",
            "required": false
        },
        {
            "description": "Sets xa-pool/max-pool-size for the configured datasource.",
            "name": "DB_MAX_POOL_SIZE",
            "required": false
        },
        {
            "description": "Sets transaction-isolation for the configured datasource.",
            "name": "DB_TX_ISOLATION",
            "required": false
        },
        {
            "description": "Sets how the table names are stored and compared.",
            "name": "MYSQL_LOWER_CASE_TABLE_NAMES",
            "required": false
        },
        {
            "description": "The maximum permitted number of simultaneous client connections.",
            "name": "MYSQL_MAX_CONNECTIONS",
            "required": false
        },
        {
            "description": "The minimum length of the word to be included in a FULLTEXT index.",
            "name": "MYSQL_FT_MIN_WORD_LEN",
            "required": false
        },
        {
            "description": "The maximum length of the word to be included in a FULLTEXT index.",
            "name": "MYSQL_FT_MAX_WORD_LEN",
            "required": false
        },
        {
            "description": "Controls the innodb_use_native_aio setting value if the native AIO is broken.",
            "name": "MYSQL_AIO",
            "required": false
        },
        {
            "description": "HornetQ cluster admin password",
            "name": "HORNETQ_CLUSTER_PASSWORD",
            "from": "[a-zA-Z0-9]{8}",
            "generate": "expression",
            "required": true
        },
        {
            "description": "GitHub trigger secret",
            "name": "GITHUB_WEBHOOK_SECRET",
            "from": "[a-zA-Z0-9]{8}",
            "generate": "expression",
            "required": true
        },
        {
            "description": "Generic build trigger secret",
            "name": "GENERIC_WEBHOOK_SECRET",
            "from": "[a-zA-Z0-9]{8}",
            "generate": "expression",
            "required": true
        },
        {
            "description": "Namespace in which the ImageStreams for Red Hat Middleware images are installed. These ImageStreams are normally installed in the openshift namespace. You should only need to modify this if you've installed the ImageStreams in a different namespace/project.",
            "name": "IMAGE_STREAM_NAMESPACE",
            "value": "openshift",
            "required": true
        }
    ],
    "objects": [
        {
            "kind": "Service",
            "apiVersion": "v1",
            "spec": {
                "ports": [
                    {
                        "port": 8080,
                        "targetPort": 8080
                    }
                ],
                "selector": {
                    "deploymentConfig": "${APPLICATION_NAME}"
                }
            },
            "metadata": {
                "name": "${APPLICATION_NAME}",
                "labels": {
                    "application": "${APPLICATION_NAME}"
                },
                "annotations": {
                    "description": "The web server's http port."
                }
            }
        },
        {
            "kind": "Service",
            "apiVersion": "v1",
            "spec": {
                "ports": [
                    {
                        "port": 8443,
                        "targetPort": 8443
                    }
                ],
                "selector": {
                    "deploymentConfig": "${APPLICATION_NAME}"
                }
            },
            "metadata": {
                "name": "secure-${APPLICATION_NAME}",
                "labels": {
                    "application": "${APPLICATION_NAME}"
                },
                "annotations": {
                    "description": "The web server's https port."
                }
            }
        },
        {
            "kind": "Service",
            "apiVersion": "v1",
            "spec": {
                "ports": [
                    {
                        "port": 3306,
                        "targetPort": 3306
                    }
                ],
                "selector": {
                    "deploymentConfig": "${APPLICATION_NAME}-mysql"
                }
            },
            "metadata": {
                "name": "${APPLICATION_NAME}-mysql",
                "labels": {
                    "application": "${APPLICATION_NAME}"
                },
                "annotations": {
                    "description": "The database server's port."
                }
            }
        },
        {
            "kind": "Route",
            "apiVersion": "v1",
            "id": "${APPLICATION_NAME}-http",
            "metadata": {
                "name": "${APPLICATION_NAME}",
                "labels": {
                    "application": "${APPLICATION_NAME}"
                },
                "annotations": {
                    "description": "Route for application's http service."
                }
            },
            "spec": {
                "host": "${HOSTNAME_HTTP}",
                "to": {
                    "name": "${APPLICATION_NAME}"
                }
            }
        },
        {
            "kind": "Route",
            "apiVersion": "v1",
            "id": "${APPLICATION_NAME}-https",
            "metadata": {
                "name": "secure-${APPLICATION_NAME}",
                "labels": {
                    "application": "${APPLICATION_NAME}"
                },
                "annotations": {
                    "description": "Route for application's https service."
                }
            },
            "spec": {
                "host": "${HOSTNAME_HTTPS}",
                "to": {
                    "name": "secure-${APPLICATION_NAME}"
                },
                "tls": {
                    "termination": "passthrough"
                }
            }
        },
        {
            "kind": "ImageStream",
            "apiVersion": "v1",
            "metadata": {
                "name": "${APPLICATION_NAME}",
                "labels": {
                    "application": "${APPLICATION_NAME}"
                }
            }
        },
        {
            "kind": "BuildConfig",
            "apiVersion": "v1",
            "metadata": {
                "name": "${APPLICATION_NAME}",
                "labels": {
                    "application": "${APPLICATION_NAME}"
                }
            },
            "spec": {
                "source": {
                    "type": "Git",
                    "git": {
                        "uri": "${SOURCE_REPOSITORY_URL}",
                        "ref": "${SOURCE_REPOSITORY_REF}"
                    },
                    "contextDir": "${CONTEXT_DIR}"
                },
                "strategy": {
                    "type": "Source",
                    "sourceStrategy": {
                        "env": [
                            {
                                "name": "KIE_CONTAINER_DEPLOYMENT",
                                "value": "${KIE_CONTAINER_DEPLOYMENT}"
                            }
                        ],
                        "forcePull": true,
                        "from": {
                            "kind": "ImageStreamTag",
                            "namespace": "${IMAGE_STREAM_NAMESPACE}",
                            "name": "jboss-processserver63-openshift:1.3"
                        }
                    }
                },
                "output": {
                    "to": {
                        "kind": "ImageStreamTag",
                        "name": "${APPLICATION_NAME}:latest"
                    }
                },
                "triggers": [
                    {
                        "type": "GitHub",
                        "github": {
                            "secret": "${GITHUB_WEBHOOK_SECRET}"
                        }
                    },
                    {
                        "type": "Generic",
                        "generic": {
                            "secret": "${GENERIC_WEBHOOK_SECRET}"
                        }
                    },
                    {
                        "type": "ImageChange",
                        "imageChange": {}
                    },
                    {
                        "type": "ConfigChange"
                    }
                ]
            }
        },
        {
            "kind": "DeploymentConfig",
            "apiVersion": "v1",
            "metadata": {
                "name": "${APPLICATION_NAME}",
                "labels": {
                    "application": "${APPLICATION_NAME}"
                }
            },
            "spec": {
                "strategy": {
                    "type": "Recreate"
                },
                "triggers": [
                    {
                        "type": "ImageChange",
                        "imageChangeParams": {
                            "automatic": true,
                            "containerNames": [
                                "${APPLICATION_NAME}"
                            ],
                            "from": {
                                "kind": "ImageStream",
                                "name": "${APPLICATION_NAME}"
                            }
                        }
                    },
                    {
                        "type": "ConfigChange"
                    }
                ],
                "replicas": 1,
                "selector": {
                    "deploymentConfig": "${APPLICATION_NAME}"
                },
                "template": {
                    "metadata": {
                        "name": "${APPLICATION_NAME}",
                        "labels": {
                            "deploymentConfig": "${APPLICATION_NAME}",
                            "application": "${APPLICATION_NAME}"
                        }
                    },
                    "spec": {
                        "serviceAccountName": "processserver-service-account",
                        "terminationGracePeriodSeconds": 60,
                        "containers": [
                            {
                                "name": "${APPLICATION_NAME}",
                                "image": "${APPLICATION_NAME}",
                                "imagePullPolicy": "Always",
                                "volumeMounts": [
                                    {
                                        "name": "processserver-keystore-volume",
                                        "mountPath": "/etc/processserver-secret-volume",
                                        "readOnly": true
                                    }
                                ],
                                "livenessProbe": {
                                    "exec": {
                                        "command": [
                                            "/bin/bash",
                                            "-c",
                                            "/opt/eap/bin/livenessProbe.sh"
                                        ]
                                    }
                                },
                                "readinessProbe": {
                                    "exec": {
                                        "command": [
                                            "/bin/bash",
                                            "-c",
                                            "/opt/eap/bin/readinessProbe.sh"
                                        ]
                                    }
                                },
                                "ports": [
                                    {
                                        "name": "jolokia",
                                        "containerPort": 8778,
                                        "protocol": "TCP"
                                    },
                                    {
                                        "name": "http",
                                        "containerPort": 8080,
                                        "protocol": "TCP"
                                    },
                                    {
                                        "name": "https",
                                        "containerPort": 8443,
                                        "protocol": "TCP"
                                    }
                                ],
                                "env": [
                                    {
                                        "name": "KIE_CONTAINER_DEPLOYMENT",
                                        "value": "${KIE_CONTAINER_DEPLOYMENT}"
                                    },
                                    {
                                        "name": "KIE_SERVER_PROTOCOL",
                                        "value": "${KIE_SERVER_PROTOCOL}"
                                    },
                                    {
                                        "name": "KIE_SERVER_PORT",
                                        "value": "${KIE_SERVER_PORT}"
                                    },
                                    {
                                        "name": "KIE_SERVER_USER",
                                        "value": "${KIE_SERVER_USER}"
                                    },
                                    {
                                        "name": "KIE_SERVER_PASSWORD",
                                        "value": "${KIE_SERVER_PASSWORD}"
                                    },
                                    {
                                        "name": "KIE_SERVER_DOMAIN",
                                        "value": "${KIE_SERVER_DOMAIN}"
                                    },
                                    {
                                        "name": "KIE_SERVER_PERSISTENCE_DIALECT",
                                        "value": "${KIE_SERVER_PERSISTENCE_DIALECT}"
                                    },
                                    {
                                        "name": "DB_SERVICE_PREFIX_MAPPING",
                                        "value": "${APPLICATION_NAME}-mysql=DB,${APPLICATION_NAME}-mysql=QUARTZ"
                                    },
                                    {
                                        "name": "TX_DATABASE_PREFIX_MAPPING",
                                        "value": "${APPLICATION_NAME}-mysql=DB"
                                    },
                                    {
                                        "name": "DB_JNDI",
                                        "value": "${DB_JNDI}"
                                    },
                                    {
                                        "name": "DB_USERNAME",
                                        "value": "${DB_USERNAME}"
                                    },
                                    {
                                        "name": "DB_PASSWORD",
                                        "value": "${DB_PASSWORD}"
                                    },
                                    {
                                        "name": "DB_DATABASE",
                                        "value": "${DB_DATABASE}"
                                    },
                                    {
                                        "name": "DB_MIN_POOL_SIZE",
                                        "value": "${DB_MIN_POOL_SIZE}"
                                    },
                                    {
                                        "name": "DB_MAX_POOL_SIZE",
                                        "value": "${DB_MAX_POOL_SIZE}"
                                    },
                                    {
                                        "name": "DB_TX_ISOLATION",
                                        "value": "${DB_TX_ISOLATION}"
                                    },
                                    {
                                        "name": "QUARTZ_JNDI",
                                        "value": "${DB_JNDI}NotManaged"
                                    },
                                    {
                                        "name": "QUARTZ_USERNAME",
                                        "value": "${DB_USERNAME}"
                                    },
                                    {
                                        "name": "QUARTZ_PASSWORD",
                                        "value": "${DB_PASSWORD}"
                                    },
                                    {
                                        "name": "QUARTZ_DATABASE",
                                        "value": "${DB_DATABASE}"
                                    },
                                    {
                                        "name": "QUARTZ_MIN_POOL_SIZE",
                                        "value": "${DB_MIN_POOL_SIZE}"
                                    },
                                    {
                                        "name": "QUARTZ_MAX_POOL_SIZE",
                                        "value": "${DB_MAX_POOL_SIZE}"
                                    },
                                    {
                                        "name": "QUARTZ_TX_ISOLATION",
                                        "value": "${DB_TX_ISOLATION}"
                                    },
                                    {
                                        "name": "QUARTZ_JTA",
                                        "value": "false"
                                    },
                                    {
                                        "name": "QUARTZ_NONXA",
                                        "value": "true"
                                    },
                                    {
                                        "name": "HTTPS_KEYSTORE_DIR",
                                        "value": "/etc/processserver-secret-volume"
                                    },
                                    {
                                        "name": "HTTPS_KEYSTORE",
                                        "value": "${HTTPS_KEYSTORE}"
                                    },
                                    {
                                        "name": "HTTPS_NAME",
                                        "value": "${HTTPS_NAME}"
                                    },
                                    {
                                        "name": "HTTPS_PASSWORD",
                                        "value": "${HTTPS_PASSWORD}"
                                    },
                                    {
                                        "name": "HORNETQ_CLUSTER_PASSWORD",
                                        "value": "${HORNETQ_CLUSTER_PASSWORD}"
                                    },
                                    {
                                        "name": "HORNETQ_QUEUES",
                                        "value": "${HORNETQ_QUEUES}"
                                    },
                                    {
                                        "name": "HORNETQ_TOPICS",
                                        "value": "${HORNETQ_TOPICS}"
                                    }
                                ]
                            }
                        ],
                        "volumes": [
                            {
                                "name": "processserver-keystore-volume",
                                "secret": {
                                    "secretName": "${HTTPS_SECRET}"
                                }
                            }
                        ]
                    }
                }
            }
        },
        {
            "kind": "DeploymentConfig",
            "apiVersion": "v1",
            "metadata": {
                "name": "${APPLICATION_NAME}-mysql",
                "labels": {
                    "application": "${APPLICATION_NAME}"
                }
            },
            "spec": {
                "strategy": {
                    "type": "Recreate"
                },
                "triggers": [
                    {
                        "type": "ImageChange",
                        "imageChangeParams": {
                            "automatic": true,
                            "containerNames": [
                                "${APPLICATION_NAME}-mysql"
                            ],
                            "from": {
                                "kind": "ImageStreamTag",
                                "namespace": "${IMAGE_STREAM_NAMESPACE}",
                                "name": "mysql:latest"
                            }
                        }
                    },
                    {
                        "type": "ConfigChange"
                    }
                ],
                "replicas": 1,
                "selector": {
                    "deploymentConfig": "${APPLICATION_NAME}-mysql"
                },
                "template": {
                    "metadata": {
                        "name": "${APPLICATION_NAME}-mysql",
                        "labels": {
                            "deploymentConfig": "${APPLICATION_NAME}-mysql",
                            "application": "${APPLICATION_NAME}"
                        }
                    },
                    "spec": {
                        "terminationGracePeriodSeconds": 60,
                        "containers": [
                            {
                                "name": "${APPLICATION_NAME}-mysql",
                                "image": "mysql",
                                "imagePullPolicy": "Always",
                                "ports": [
                                    {
                                        "containerPort": 3306,
                                        "protocol": "TCP"
                                    }
                                ],
                                "volumeMounts": [
                                    {
                                        "mountPath": "/var/lib/mysql/data",
                                        "name": "${APPLICATION_NAME}-mysql-pvol"
                                    }
                                ],
                                "env": [
                                    {
                                        "name": "MYSQL_USER",
                                        "value": "${DB_USERNAME}"
                                    },
                                    {
                                        "name": "MYSQL_PASSWORD",
                                        "value": "${DB_PASSWORD}"
                                    },
                                    {
                                        "name": "MYSQL_DATABASE",
                                        "value": "${DB_DATABASE}"
                                    },
                                    {
                                        "name": "MYSQL_LOWER_CASE_TABLE_NAMES",
                                        "value": "${MYSQL_LOWER_CASE_TABLE_NAMES}"
                                    },
                                    {
                                        "name": "MYSQL_MAX_CONNECTIONS",
                                        "value": "${MYSQL_MAX_CONNECTIONS}"
                                    },
                                    {
                                        "name": "MYSQL_FT_MIN_WORD_LEN",
                                        "value": "${MYSQL_FT_MIN_WORD_LEN}"
                                    },
                                    {
                                        "name": "MYSQL_FT_MAX_WORD_LEN",
                                        "value": "${MYSQL_FT_MAX_WORD_LEN}"
                                    },
                                    {
                                        "name": "MYSQL_AIO",
                                        "value": "${MYSQL_AIO}"
                                    }
                                ]
                            }
                        ],
                        "volumes": [
                            {
                                "name": "${APPLICATION_NAME}-mysql-pvol",
                                "persistentVolumeClaim": {
                                    "claimName": "${APPLICATION_NAME}-mysql-claim"
                                }
                            }
                        ]
                    }
                }
            }
        },
        {
            "apiVersion": "v1",
            "kind": "PersistentVolumeClaim",
            "metadata": {
                "name": "${APPLICATION_NAME}-mysql-claim",
                "labels": {
                    "application": "${APPLICATION_NAME}"
                }
            },
            "spec": {
                "accessModes": [
                    "ReadWriteOnce"
                ],
                "resources": {
                    "requests": {
                        "storage": "${VOLUME_CAPACITY}"
                    }
                }
            }
        }
    ]
}
