{
  "kind": "ImageStreamList",
  "apiVersion": "v1",
  "metadata": {},
  "items": [
    {
      "kind": "ImageStream",
      "apiVersion": "v1",
      "metadata": {
        "name": "ruby"
      },
      "spec": {
        "tags": [
          {
            "name": "latest",
            "annotations": {
              "description": "Build and run Ruby applications",
              "iconClass": "icon-ruby",
              "tags": "builder,ruby",
              "supports": "ruby",
              "sampleRepo": "https://github.com/openshift/ruby-ex.git"
            },
            "from": {
              "kind": "ImageStreamTag",
              "name": "2.3"
            }
          },
          {
            "name": "2.0",
            "annotations": {
              "description": "Build and run Ruby 2.0 applications",
              "iconClass": "icon-ruby",
              "tags": "builder,ruby",
              "supports": "ruby:2.0,ruby",
              "version": "2.0",
              "sampleRepo": "https://github.com/openshift/ruby-ex.git"
            },
            "from": {
              "kind": "DockerImage",
              "name": "openshift/ruby-20-centos7:latest"
            }
          },
          {
            "name": "2.2",
            "annotations": {
              "description": "Build and run Ruby 2.2 applications",
              "iconClass": "icon-ruby",
              "tags": "builder,ruby",
              "supports": "ruby:2.2,ruby",
              "version": "2.2",
              "sampleRepo": "https://github.com/openshift/ruby-ex.git"
            },
            "from": {
              "kind": "DockerImage",
              "name": "centos/ruby-22-centos7:latest"
            }
          },
          {
            "name": "2.3",
            "annotations": {
              "description": "Build and run Ruby 2.3 applications",
              "iconClass": "icon-ruby",
              "tags": "builder,ruby",
              "supports": "ruby:2.3,ruby",
              "version": "2.3",
              "sampleRepo": "https://github.com/openshift/ruby-ex.git"
            },
            "from": {
              "kind": "DockerImage",
              "name": "centos/ruby-23-centos7:latest"
            }
          }
        ]
      }
    },
    {
      "kind": "ImageStream",
      "apiVersion": "v1",
      "metadata": {
        "name": "nodejs"
      },
      "spec": {
        "tags": [
          {
            "name": "latest",
            "annotations": {
              "description": "Build and run NodeJS applications",
              "iconClass": "icon-nodejs",
              "tags": "builder,nodejs",
              "supports":"nodejs",
              "sampleRepo": "https://github.com/openshift/nodejs-ex.git"
            },
            "from": {
              "kind": "ImageStreamTag",
              "name": "4"
            }
          },
          {
            "name": "0.10",
            "annotations": {
              "description": "Build and run NodeJS 0.10 applications",
              "iconClass": "icon-nodejs",
              "tags": "builder,nodejs",
              "supports":"nodejs:0.10,nodejs:0.1,nodejs",
              "version": "0.10",
              "sampleRepo": "https://github.com/openshift/nodejs-ex.git"
            },
            "from": {
              "kind": "DockerImage",
              "name": "openshift/nodejs-010-centos7:latest"
            }
          },
          {
            "name": "4",
            "annotations": {
              "description": "Build and run NodeJS 4 applications",
              "iconClass": "icon-nodejs",
              "tags": "builder,nodejs",
              "supports":"nodejs:4,nodejs",
              "version": "4",
              "sampleRepo": "https://github.com/openshift/nodejs-ex.git"
            },
            "from": {
              "kind": "DockerImage",
              "name": "centos/nodejs-4-centos7:latest"
            }
          }
        ]
      }
    },
    {
      "kind": "ImageStream",
      "apiVersion": "v1",
      "metadata": {
        "name": "perl"
      },
      "spec": {
        "tags": [
          {
            "name": "latest",
            "annotations": {
              "description": "Build and run Perl applications",
              "iconClass": "icon-perl",
              "tags": "builder,perl",
              "supports":"perl",
              "sampleRepo": "https://github.com/openshift/dancer-ex.git"
            },
            "from": {
              "kind": "ImageStreamTag",
              "name": "5.20"
            }
          },
          {
            "name": "5.16",
            "annotations": {
              "description": "Build and run Perl 5.16 applications",
              "iconClass": "icon-perl",
              "tags": "builder,perl",
              "supports":"perl:5.16,perl",
              "version": "5.16",
              "sampleRepo": "https://github.com/openshift/dancer-ex.git"
            },
            "from": {
              "kind": "DockerImage",
              "name": "openshift/perl-516-centos7:latest"
            }
          },
          {
            "name": "5.20",
            "annotations": {
              "description": "Build and run Perl 5.20 applications",
              "iconClass": "icon-perl",
              "tags": "builder,perl",
              "supports":"perl:5.20,perl",
              "version": "5.20",
              "sampleRepo": "https://github.com/openshift/dancer-ex.git"
            },
            "from": {
              "kind": "DockerImage",
              "name": "centos/perl-520-centos7:latest"
            }

          }
        ]
      }
    },
    {
      "kind": "ImageStream",
      "apiVersion": "v1",
      "metadata": {
        "name": "php"
      },
      "spec": {
        "tags": [
          {
            "name": "latest",
            "annotations": {
              "description": "Build and run PHP applications",
              "iconClass": "icon-php",
              "tags": "builder,php",
              "supports":"php",
              "sampleRepo": "https://github.com/openshift/cakephp-ex.git"
            },
            "from": {
              "kind": "ImageStreamTag",
              "name": "5.6"
            }
          },
          {
            "name": "5.5",
            "annotations": {
              "description": "Build and run PHP 5.5 applications",
              "iconClass": "icon-php",
              "tags": "builder,php",
              "supports":"php:5.5,php",
              "version": "5.5",
              "sampleRepo": "https://github.com/openshift/cakephp-ex.git"
            },
            "from": {
              "kind": "DockerImage",
              "name": "openshift/php-55-centos7:latest"
            }
          },
          {
            "name": "5.6",
            "annotations": {
              "description": "Build and run PHP 5.6 applications",
              "iconClass": "icon-php",
              "tags": "builder,php",
              "supports":"php:5.6,php",
              "version": "5.6",
              "sampleRepo": "https://github.com/openshift/cakephp-ex.git"
            },
            "from": {
              "kind": "DockerImage",
              "name": "centos/php-56-centos7:latest"
            }
          }
        ]
      }
    },
    {
      "kind": "ImageStream",
      "apiVersion": "v1",
      "metadata": {
        "name": "python"
      },
      "spec": {
        "tags": [
          {
            "name": "latest",
            "annotations": {
              "description": "Build and run Python applications",
              "iconClass": "icon-python",
              "tags": "builder,python",
              "supports":"python",
              "sampleRepo": "https://github.com/openshift/django-ex.git"
            },
            "from": {
              "kind": "ImageStreamTag",
              "name": "3.5"
            }
          },
          {
            "name": "3.3",
            "annotations": {
              "description": "Build and run Python 3.3 applications",
              "iconClass": "icon-python",
              "tags": "builder,python",
              "supports":"python:3.3,python",
              "version": "3.3",
              "sampleRepo": "https://github.com/openshift/django-ex.git"
            },
            "from": {
              "kind": "DockerImage",
              "name": "openshift/python-33-centos7:latest"
            }
          },
          {
            "name": "2.7",
            "annotations": {
              "description": "Build and run Python 2.7 applications",
              "iconClass": "icon-python",
              "tags": "builder,python",
              "supports":"python:2.7,python",
              "version": "2.7",
              "sampleRepo": "https://github.com/openshift/django-ex.git"
            },
            "from": {
              "kind": "DockerImage",
              "name": "centos/python-27-centos7:latest"
            }
          },
          {
            "name": "3.4",
            "annotations": {
              "description": "Build and run Python 3.4 applications",
              "iconClass": "icon-python",
              "tags": "builder,python",
              "supports":"python:3.4,python",
              "version": "3.4",
              "sampleRepo": "https://github.com/openshift/django-ex.git"
            },
            "from": {
              "kind": "DockerImage",
              "name": "centos/python-34-centos7:latest"
            }
          },
          {
            "name": "3.5",
            "annotations": {
              "description": "Build and run Python 3.5 applications",
              "iconClass": "icon-python",
              "tags": "builder,python",
              "supports":"python:3.5,python",
              "version": "3.5",
              "sampleRepo": "https://github.com/openshift/django-ex.git"
            },
            "from": {
              "kind": "DockerImage",
              "name": "centos/python-35-centos7:latest"
            }
          }
        ]
      }
    },
    {
      "kind": "ImageStream",
      "apiVersion": "v1",
      "metadata": {
        "name": "wildfly"
      },
      "spec": {
        "tags": [
          {
            "name": "latest",
            "annotations": {
              "description": "Build and run Java applications on Wildfly",
              "iconClass": "icon-wildfly",
              "tags": "builder,wildfly,java",
              "supports":"jee,java",
              "sampleRepo": "https://github.com/bparees/openshift-jee-sample.git"
            },
            "from": {
              "kind": "ImageStreamTag",
              "name": "10.0"
            }
          },
          {
            "name": "8.1",
            "annotations": {
              "description": "Build and run Java applications on Wildfly 8.1",
              "iconClass": "icon-wildfly",
              "tags": "builder,wildfly,java",
              "supports":"wildfly:8.1,jee,java",
              "version": "8.1",
              "sampleRepo": "https://github.com/bparees/openshift-jee-sample.git"
            },
            "from": {
              "kind": "DockerImage",
              "name": "openshift/wildfly-81-centos7:latest"
            }
          },
          {
            "name": "9.0",
            "annotations": {
              "description": "Build and run Java applications on Wildfly 9.0",
              "iconClass": "icon-wildfly",
              "tags": "builder,wildfly,java",
              "supports":"wildfly:9.0,jee,java",
              "version": "9.0",
              "sampleRepo": "https://github.com/bparees/openshift-jee-sample.git"
            },
            "from": {
              "kind": "DockerImage",
              "name": "openshift/wildfly-90-centos7:latest"
            }
          },
          {
            "name": "10.0",
            "annotations": {
              "description": "Build and run Java applications on Wildfly 10.0",
              "iconClass": "icon-wildfly",
              "tags": "builder,wildfly,java",
              "supports":"wildfly:10.0,jee,java",
              "version": "10.0",
              "sampleRepo": "https://github.com/bparees/openshift-jee-sample.git"
            },
            "from": {
              "kind": "DockerImage",
              "name": "openshift/wildfly-100-centos7:latest"
            }
          }
        ]
      }
    },
    {
      "kind": "ImageStream",
      "apiVersion": "v1",
      "metadata": {
        "name": "mysql"
      },
      "spec": {
        "tags": [
          {
            "name": "latest",
            "annotations": {
              "description": "Provides a MySQL database",
              "iconClass": "icon-mysql-database",
              "tags": "mysql"
            },
            "from": {
              "kind": "ImageStreamTag",
              "name": "5.6"
            }
          },
          {
            "name": "5.5",
            "annotations": {
              "description": "Provides a MySQL v5.5 database",
              "iconClass": "icon-mysql-database",
              "tags": "mysql",
              "version": "5.5"
            },
            "from": {
              "kind": "DockerImage",
              "name": "openshift/mysql-55-centos7:latest"
            }
          },
          {
            "name": "5.6",
            "annotations": {
              "description": "Provides a MySQL v5.6 database",
              "iconClass": "icon-mysql-database",
              "tags": "mysql",
              "version": "5.6"
            },
            "from": {
              "kind": "DockerImage",
              "name": "centos/mysql-56-centos7:latest"
            }
          }
        ]
      }
    },
    {
      "kind": "ImageStream",
      "apiVersion": "v1",
      "metadata": {
        "name": "mariadb"
      },
      "spec": {
        "tags": [
          {
            "name": "latest",
            "annotations": {
              "description": "Provides a MariaDB database",
              "iconClass": "icon-mariadb",
              "tags": "mariadb"
            },
            "from": {
              "kind": "ImageStreamTag",
              "name": "10.1"
            }
          },
          {
            "name": "10.1",
            "annotations": {
              "description": "Provides a MariaDB v10.1 database",
              "iconClass": "icon-mariadb",
              "tags": "mariadb",
              "version": "10.1"
            },
            "from": {
              "kind": "DockerImage",
              "name": "centos/mariadb-101-centos7:latest"
            }
          }
        ]
      }
    },
    {
      "kind": "ImageStream",
      "apiVersion": "v1",
      "metadata": {
        "name": "postgresql"
      },
      "spec": {
        "tags": [
          {
            "name": "latest",
            "annotations": {
              "description": "Provides a PostgreSQL database",
              "iconClass": "icon-postgresql",
              "tags": "postgresql"
            },
            "from": {
              "kind": "ImageStreamTag",
              "name": "9.5"
            }
          },
          {
            "name": "9.2",
            "annotations": {
              "description": "Provides a PostgreSQL v9.2 database",
              "iconClass": "icon-postgresql",
              "tags": "postgresql",
              "version": "9.2"
            },
            "from": {
              "kind": "DockerImage",
              "name": "openshift/postgresql-92-centos7:latest"
            }
          },
          {
            "name": "9.4",
            "annotations": {
              "description": "Provides a PostgreSQL v9.4 database",
              "iconClass": "icon-postgresql",
              "tags": "postgresql",
              "version": "9.4"
            },
            "from": {
              "kind": "DockerImage",
              "name": "centos/postgresql-94-centos7:latest"
            }
          },
          {
            "name": "9.5",
            "annotations": {
              "description": "Provides a PostgreSQL v9.5 database",
              "iconClass": "icon-postgresql",
              "tags": "postgresql",
              "version": "9.5"
            },
            "from": {
              "kind": "DockerImage",
              "name": "centos/postgresql-95-centos7:latest"
            }
          }
        ]
      }
    },
    {
      "kind": "ImageStream",
      "apiVersion": "v1",
      "metadata": {
        "name": "mongodb"
      },
      "spec": {
        "tags": [
          {
            "name": "latest",
            "annotations": {
              "description": "Provides a MongoDB database",
              "iconClass": "icon-mongodb",
              "tags": "mongodb"
            },
            "from": {
              "kind": "ImageStreamTag",
              "name": "3.2"
            }
          },
          {
            "name": "2.4",
            "annotations": {
              "description": "Provides a MongoDB v2.4 database",
              "iconClass": "icon-mongodb",
              "tags": "mongodb",
              "version": "2.4"
            },
            "from": {
              "kind": "DockerImage",
              "name": "openshift/mongodb-24-centos7:latest"
            }
          },
          {
            "name": "2.6",
            "annotations": {
              "description": "Provides a MongoDB v2.6 database",
              "iconClass": "icon-mongodb",
              "tags": "mongodb",
              "version": "2.6"
            },
            "from": {
              "kind": "DockerImage",
              "name": "centos/mongodb-26-centos7:latest"
            }
          },
          {
            "name": "3.2",
            "annotations": {
              "description": "Provides a MongoDB v3.2 database",
              "iconClass": "icon-mongodb",
              "tags": "mongodb",
              "version": "3.2"
            },
            "from": {
              "kind": "DockerImage",
              "name": "centos/mongodb-32-centos7:latest"
            }
          }
        ]
      }
    },
    {
      "kind": "ImageStream",
      "apiVersion": "v1",
      "metadata": {
        "name": "jenkins"
      },
      "spec": {
        "tags": [
          {
            "name": "latest",
            "annotations": {
              "description": "Provides a Jenkins server",
              "iconClass": "icon-jenkins",
              "tags": "jenkins"
            },
            "from": {
              "kind": "ImageStreamTag",
              "name": "1"
            }
          },
          {
            "name": "1",
            "annotations": {
              "description": "Provides a Jenkins server",
              "iconClass": "icon-jenkins",
              "tags": "jenkins",
              "version": "1.x"
            },
            "from": {
              "kind": "DockerImage",
              "name": "openshift/jenkins-1-centos7:latest"
            }
          }
        ]
      }
    }
  ]
}
