{
    "kind": "Template",
    "apiVersion": "v1",
    "metadata": {
        "annotations": {
            "description": "Application template for BRMS Realtime Decision Server 6 HTTPS applications built using S2I.",
            "iconClass": "icon-jboss",
            "tags": "decisionserver,java,jboss,xpaas",
            "version": "1.2.0"
        },
        "name": "decisionserver62-https-s2i"
    },
    "labels": {
        "template": "decisionserver62-https-s2i",
        "xpaas": "1.2.0"
    },
    "parameters": [
        {
            "description": "The KIE Container deployment configuration in format: containerId=groupId:artifactId:version|c2=g2:a2:v2",
            "name": "KIE_CONTAINER_DEPLOYMENT",
            "value": "HelloRulesContainer=org.openshift.quickstarts:decisionserver-hellorules:1.2.0.Final",
            "required": false
        },
        {
            "description": "The protocol to access the KIE Server REST interface.",
            "name": "KIE_SERVER_PROTOCOL",
            "value": "https",
            "required": false
        },
        {
            "description": "The port to access the KIE Server REST interface.",
            "name": "KIE_SERVER_PORT",
            "value": "8443",
            "required": false
        },
        {
            "description": "The user name to access the KIE Server REST or JMS interface.",
            "name": "KIE_SERVER_USER",
            "value": "kieserver",
            "required": false
        },
        {
            "description": "The password to access the KIE Server REST or JMS interface. Must be different than username; must not be root, admin, or administrator; must contain at least 8 characters, 1 alphabetic character(s), 1 digit(s), and 1 non-alphanumeric symbol(s).",
            "name": "KIE_SERVER_PASSWORD",
            "from": "[a-zA-Z]{6}[0-9]{1}!",
            "generate": "expression",
            "required": false
        },
        {
            "description": "The name for the application.",
            "name": "APPLICATION_NAME",
            "value": "kie-app",
            "required": true
        },
        {
            "description": "Custom hostname for http service route.  Leave blank for default hostname, e.g.: <application-name>-<project>.<default-domain-suffix>",
            "name": "HOSTNAME_HTTP",
            "value": "",
            "required": false
        },
        {
            "description": "Custom hostname for https service route.  Leave blank for default hostname, e.g.: secure-<application-name>-<project>.<default-domain-suffix>",
            "name": "HOSTNAME_HTTPS",
            "value": "",
            "required": false
        },
        {
            "description": "Git source URI for application",
            "name": "SOURCE_REPOSITORY_URL",
            "value": "https://github.com/jboss-openshift/openshift-quickstarts.git",
            "required": true
        },
        {
            "description": "Git branch/tag reference",
            "name": "SOURCE_REPOSITORY_REF",
            "value": "1.2",
            "required": false
        },
        {
            "description": "Path within Git project to build; empty for root project directory.",
            "name": "CONTEXT_DIR",
            "value": "decisionserver/hellorules",
            "required": false
        },
        {
            "description": "Queue names",
            "name": "HORNETQ_QUEUES",
            "value": "",
            "required": false
        },
        {
            "description": "Topic names",
            "name": "HORNETQ_TOPICS",
            "value": "",
            "required": false
        },
        {
            "description": "The name of the secret containing the keystore file",
            "name": "HTTPS_SECRET",
            "value": "decisionserver-app-secret",
            "required": true
        },
        {
            "description": "The name of the keystore file within the secret",
            "name": "HTTPS_KEYSTORE",
            "value": "keystore.jks",
            "required": false
        },
        {
            "description": "The name associated with the server certificate",
            "name": "HTTPS_NAME",
            "value": "jboss",
            "required": false
        },
        {
            "description": "The password for the keystore and certificate",
            "name": "HTTPS_PASSWORD",
            "value": "mykeystorepass",
            "required": false
        },
        {
            "description": "HornetQ cluster admin password",
            "name": "HORNETQ_CLUSTER_PASSWORD",
            "from": "[a-zA-Z0-9]{8}",
            "generate": "expression",
            "required": true
        },
        {
            "description": "GitHub trigger secret",
            "name": "GITHUB_WEBHOOK_SECRET",
            "from": "[a-zA-Z0-9]{8}",
            "generate": "expression",
            "required": true
        },
        {
            "description": "Generic build trigger secret",
            "name": "GENERIC_WEBHOOK_SECRET",
            "from": "[a-zA-Z0-9]{8}",
            "generate": "expression",
            "required": true
        },
        {
            "description": "Namespace in which the ImageStreams for Red Hat Middleware images are installed. These ImageStreams are normally installed in the openshift namespace. You should only need to modify this if you've installed the ImageStreams in a different namespace/project.",
            "name": "IMAGE_STREAM_NAMESPACE",
            "value": "openshift",
            "required": true
        }
    ],
    "objects": [
        {
            "kind": "Service",
            "apiVersion": "v1",
            "spec": {
                "ports": [
                    {
                        "port": 8080,
                        "targetPort": 8080
                    }
                ],
                "selector": {
                    "deploymentConfig": "${APPLICATION_NAME}"
                }
            },
            "metadata": {
                "name": "${APPLICATION_NAME}",
                "labels": {
                    "application": "${APPLICATION_NAME}"
                },
                "annotations": {
                    "description": "The web server's http port."
                }
            }
        },
        {
            "kind": "Service",
            "apiVersion": "v1",
            "spec": {
                "ports": [
                    {
                        "port": 8443,
                        "targetPort": 8443
                    }
                ],
                "selector": {
                    "deploymentConfig": "${APPLICATION_NAME}"
                }
            },
            "metadata": {
                "name": "secure-${APPLICATION_NAME}",
                "labels": {
                    "application": "${APPLICATION_NAME}"
                },
                "annotations": {
                    "description": "The web server's https port."
                }
            }
        },
        {
            "kind": "Route",
            "apiVersion": "v1",
            "id": "${APPLICATION_NAME}-http",
            "metadata": {
                "name": "${APPLICATION_NAME}",
                "labels": {
                    "application": "${APPLICATION_NAME}"
                },
                "annotations": {
                    "description": "Route for application's http service."
                }
            },
            "spec": {
                "host": "${HOSTNAME_HTTP}",
                "to": {
                    "name": "${APPLICATION_NAME}"
                }
            }
        },
        {
            "kind": "Route",
            "apiVersion": "v1",
            "id": "${APPLICATION_NAME}-https",
            "metadata": {
                "name": "secure-${APPLICATION_NAME}",
                "labels": {
                    "application": "${APPLICATION_NAME}"
                },
                "annotations": {
                    "description": "Route for application's https service."
                }
            },
            "spec": {
                "host": "${HOSTNAME_HTTPS}",
                "to": {
                    "name": "secure-${APPLICATION_NAME}"
                },
                "tls": {
                    "termination": "passthrough"
                }
            }
        },
        {
            "kind": "ImageStream",
            "apiVersion": "v1",
            "metadata": {
                "name": "${APPLICATION_NAME}",
                "labels": {
                    "application": "${APPLICATION_NAME}"
                }
            }
        },
        {
            "kind": "BuildConfig",
            "apiVersion": "v1",
            "metadata": {
                "name": "${APPLICATION_NAME}",
                "labels": {
                    "application": "${APPLICATION_NAME}"
                }
            },
            "spec": {
                "source": {
                    "type": "Git",
                    "git": {
                        "uri": "${SOURCE_REPOSITORY_URL}",
                        "ref": "${SOURCE_REPOSITORY_REF}"
                    },
                    "contextDir": "${CONTEXT_DIR}"
                },
                "strategy": {
                    "type": "Source",
                    "sourceStrategy": {
                        "env": [
                            {
                                "name": "KIE_CONTAINER_DEPLOYMENT",
                                "value": "${KIE_CONTAINER_DEPLOYMENT}"
                            }
                        ],
                        "forcePull": true,
                        "from": {
                            "kind": "ImageStreamTag",
                            "namespace": "${IMAGE_STREAM_NAMESPACE}",
                            "name": "jboss-decisionserver62-openshift:1.2"
                        }
                    }
                },
                "output": {
                    "to": {
                        "kind": "ImageStreamTag",
                        "name": "${APPLICATION_NAME}:latest"
                    }
                },
                "triggers": [
                    {
                        "type": "GitHub",
                        "github": {
                            "secret": "${GITHUB_WEBHOOK_SECRET}"
                        }
                    },
                    {
                        "type": "Generic",
                        "generic": {
                            "secret": "${GENERIC_WEBHOOK_SECRET}"
                        }
                    },
                    {
                        "type": "ImageChange",
                        "imageChange": {}
                    },
                    {
                        "type": "ConfigChange"
                    }
                ]
            }
        },
        {
            "kind": "DeploymentConfig",
            "apiVersion": "v1",
            "metadata": {
                "name": "${APPLICATION_NAME}",
                "labels": {
                    "application": "${APPLICATION_NAME}"
                }
            },
            "spec": {
                "strategy": {
                    "type": "Recreate"
                },
                "triggers": [
                    {
                        "type": "ImageChange",
                        "imageChangeParams": {
                            "automatic": true,
                            "containerNames": [
                                "${APPLICATION_NAME}"
                            ],
                            "from": {
                                "kind": "ImageStream",
                                "name": "${APPLICATION_NAME}"
                            }
                        }
                    },
                    {
                        "type": "ConfigChange"
                    }
                ],
                "replicas": 1,
                "selector": {
                    "deploymentConfig": "${APPLICATION_NAME}"
                },
                "template": {
                    "metadata": {
                        "name": "${APPLICATION_NAME}",
                        "labels": {
                            "deploymentConfig": "${APPLICATION_NAME}",
                            "application": "${APPLICATION_NAME}"
                        }
                    },
                    "spec": {
                        "serviceAccountName": "decisionserver-service-account",
                        "terminationGracePeriodSeconds": 60,
                        "containers": [
                            {
                                "name": "${APPLICATION_NAME}",
                                "image": "${APPLICATION_NAME}",
                                "imagePullPolicy": "Always",
                                "volumeMounts": [
                                    {
                                        "name": "decisionserver-keystore-volume",
                                        "mountPath": "/etc/decisionserver-secret-volume",
                                        "readOnly": true
                                    }
                                ],
                                "livenessProbe": {
                                    "exec": {
                                        "command": [
                                            "/bin/bash",
                                            "-c",
                                            "/opt/eap/bin/livenessProbe.sh"
                                        ]
                                    }
                                },
                                "readinessProbe": {
                                    "exec": {
                                        "command": [
                                            "/bin/bash",
                                            "-c",
                                            "/opt/eap/bin/readinessProbe.sh"
                                        ]
                                    }
                                },
                                "ports": [
                                    {
                                        "name": "jolokia",
                                        "containerPort": 8778,
                                        "protocol": "TCP"
                                    },
                                    {
                                        "name": "http",
                                        "containerPort": 8080,
                                        "protocol": "TCP"
                                    },
                                    {
                                        "name": "https",
                                        "containerPort": 8443,
                                        "protocol": "TCP"
                                    },
                                    {
                                        "name": "ping",
                                        "containerPort": 8888,
                                        "protocol": "TCP"
                                    }
                                ],
                                "env": [
                                    {
                                        "name": "KIE_CONTAINER_DEPLOYMENT",
                                        "value": "${KIE_CONTAINER_DEPLOYMENT}"
                                    },
                                    {
                                        "name": "KIE_SERVER_PROTOCOL",
                                        "value": "${KIE_SERVER_PROTOCOL}"
                                    },
                                    {
                                        "name": "KIE_SERVER_PORT",
                                        "value": "${KIE_SERVER_PORT}"
                                    },
                                    {
                                        "name": "KIE_SERVER_USER",
                                        "value": "${KIE_SERVER_USER}"
                                    },
                                    {
                                        "name": "KIE_SERVER_PASSWORD",
                                        "value": "${KIE_SERVER_PASSWORD}"
                                    },
                                    {
                                        "name": "HTTPS_KEYSTORE_DIR",
                                        "value": "/etc/decisionserver-secret-volume"
                                    },
                                    {
                                        "name": "HTTPS_KEYSTORE",
                                        "value": "${HTTPS_KEYSTORE}"
                                    },
                                    {
                                        "name": "HTTPS_NAME",
                                        "value": "${HTTPS_NAME}"
                                    },
                                    {
                                        "name": "HTTPS_PASSWORD",
                                        "value": "${HTTPS_PASSWORD}"
                                    },
                                    {
                                        "name": "HORNETQ_CLUSTER_PASSWORD",
                                        "value": "${HORNETQ_CLUSTER_PASSWORD}"
                                    },
                                    {
                                        "name": "HORNETQ_QUEUES",
                                        "value": "${HORNETQ_QUEUES}"
                                    },
                                    {
                                        "name": "HORNETQ_TOPICS",
                                        "value": "${HORNETQ_TOPICS}"
                                    }
                                ]
                            }
                        ],
                        "volumes": [
                            {
                                "name": "decisionserver-keystore-volume",
                                "secret": {
                                    "secretName": "${HTTPS_SECRET}"
                                }
                            }
                        ]
                    }
                }
            }
        }
    ]
}
