{
  "kind": "Template",
  "apiVersion": "v1",
  "metadata": {
    "name": "cakephp-example",
    "annotations": {
      "description": "An example CakePHP application with no database",
      "tags": "quickstart,php,cakephp",
      "iconClass": "icon-php"
    }
  },
  "labels": {
    "template": "cakephp-example"
  },
  "objects": [
    {
      "kind": "Service",
      "apiVersion": "v1",
      "metadata": {
        "name": "${NAME}",
        "annotations": {
          "description": "Exposes and load balances the application pods"
        }
      },
      "spec": {
        "ports": [
          {
            "name": "web",
            "port": 8080,
            "targetPort": 8080
          }
        ],
        "selector": {
          "name": "${NAME}"
        }
      }
    },
    {
      "kind": "Route",
      "apiVersion": "v1",
      "metadata": {
        "name": "${NAME}"
      },
      "spec": {
        "host": "${APPLICATION_DOMAIN}",
        "to": {
          "kind": "Service",
          "name": "${NAME}"
        }
      }
    },
    {
      "kind": "ImageStream",
      "apiVersion": "v1",
      "metadata": {
        "name": "${NAME}",
        "annotations": {
          "description": "Keeps track of changes in the application image"
        }
      }
    },
    {
      "kind": "BuildConfig",
      "apiVersion": "v1",
      "metadata": {
        "name": "${NAME}",
        "annotations": {
          "description": "Defines how to build the application"
        }
      },
      "spec": {
        "source": {
          "type": "Git",
          "git": {
            "uri": "${SOURCE_REPOSITORY_URL}",
            "ref": "${SOURCE_REPOSITORY_REF}"
          },
          "contextDir": "${CONTEXT_DIR}"
        },
        "strategy": {
          "type": "Source",
          "sourceStrategy": {
            "from": {
              "kind": "ImageStreamTag",
              "namespace": "${NAMESPACE}",
              "name": "php:5.6"
            },
            "env":  [
              {
                  "name": "COMPOSER_MIRROR",
                  "value": "${COMPOSER_MIRROR}"
              }
            ]
          }
        },
        "output": {
          "to": {
            "kind": "ImageStreamTag",
            "name": "${NAME}:latest"
          }
        },
        "triggers": [
          {
            "type": "ImageChange"
          },
          {
            "type": "ConfigChange"
          },
          {
            "type": "GitHub",
            "github": {
              "secret": "${GITHUB_WEBHOOK_SECRET}"
            }
          }
        ]
      }
    },
    {
      "kind": "DeploymentConfig",
      "apiVersion": "v1",
      "metadata": {
        "name": "${NAME}",
        "annotations": {
          "description": "Defines how to deploy the application server"
        }
      },
      "spec": {
        "strategy": {
          "type": "Rolling"
        },
        "triggers": [
          {
            "type": "ImageChange",
            "imageChangeParams": {
              "automatic": true,
              "containerNames": [
                "cakephp-example"
              ],
              "from": {
                "kind": "ImageStreamTag",
                "name": "${NAME}:latest"
              }
            }
          },
          {
            "type": "ConfigChange"
          }
        ],
        "replicas": 1,
        "selector": {
          "name": "${NAME}"
        },
        "template": {
          "metadata": {
            "name": "${NAME}",
            "labels": {
              "name": "${NAME}"
            }
          },
          "spec": {
            "containers": [
              {
                "name": "cakephp-example",
                "image": " ",
                "ports": [
                  {
                    "containerPort": 8080
                  }
                ],
                "readinessProbe": {
                  "timeoutSeconds": 3,
                  "initialDelaySeconds": 3,
                  "httpGet": {
                    "path": "/",
                    "port": 8080
                  }
                },
                "livenessProbe": {
                    "timeoutSeconds": 3,
                    "initialDelaySeconds": 30,
                    "httpGet": {
                        "path": "/",
                        "port": 8080
                    }
                },
                "env": [
                  {
                    "name": "DATABASE_SERVICE_NAME",
                    "value": "${DATABASE_SERVICE_NAME}"
                  },
                  {
                    "name": "DATABASE_ENGINE",
                    "value": "${DATABASE_ENGINE}"
                  },
                  {
                    "name": "DATABASE_NAME",
                    "value": "${DATABASE_NAME}"
                  },
                  {
                    "name": "DATABASE_USER",
                    "value": "${DATABASE_USER}"
                  },
                  {
                    "name": "DATABASE_PASSWORD",
                    "value": "${DATABASE_PASSWORD}"
                  },
                  {
                    "name": "CAKEPHP_SECRET_TOKEN",
                    "value": "${CAKEPHP_SECRET_TOKEN}"
                  },
                  {
                    "name": "CAKEPHP_SECURITY_SALT",
                    "value": "${CAKEPHP_SECURITY_SALT}"
                  },
                  {
                    "name": "CAKEPHP_SECURITY_CIPHER_SEED",
                    "value": "${CAKEPHP_SECURITY_CIPHER_SEED}"
                  },
                  {
                    "name": "OPCACHE_REVALIDATE_FREQ",
                    "value": "${OPCACHE_REVALIDATE_FREQ}"
                  }
                ],
		"resources": {
		    "limits": {
			"memory": "${MEMORY_LIMIT}"
		    }
		}
              }
            ]
          }
        }
      }
    }
  ],
  "parameters": [
    {
      "name": "NAME",
      "displayName": "Name",
      "description": "The name assigned to all of the frontend objects defined in this template.",
      "required": true,
      "value": "cakephp-example"
    },
    {
      "name": "NAMESPACE",
      "displayName": "Namespace",
      "description": "The OpenShift Namespace where the ImageStream resides.",
      "required": true,
      "value": "openshift"
    },
    {
      "name": "MEMORY_LIMIT",
      "displayName": "Memory Limit",
      "description": "Maximum amount of memory the container can use.",
      "required": true,
      "value": "512Mi"
    },
    {
      "name": "SOURCE_REPOSITORY_URL",
      "displayName": "Git Repository URL",
      "description": "The URL of the repository with your application source code.",
      "required": true,
      "value": "https://github.com/openshift/cakephp-ex.git"
    },
    {
      "name": "SOURCE_REPOSITORY_REF",
      "displayName": "Git Reference",
      "description": "Set this to a branch name, tag or other ref of your repository if you are not using the default branch."
    },
    {
      "name": "CONTEXT_DIR",
      "displayName": "Context Directory",
      "description": "Set this to the relative path to your project if it is not in the root of your repository."
    },
    {
      "name": "APPLICATION_DOMAIN",
      "displayName": "Application Hostname",
      "description": "The exposed hostname that will route to the CakePHP service, if left blank a value will be defaulted.",
      "value": ""
    },
    {
      "name": "GITHUB_WEBHOOK_SECRET",
      "displayName": "GitHub Webhook Secret",
      "description": "A secret string used to configure the GitHub webhook.",
      "generate": "expression",
      "from": "[a-zA-Z0-9]{40}"
    },
    {
      "name": "DATABASE_SERVICE_NAME",
      "displayName": "Database Service Name"
    },
    {
      "name": "DATABASE_ENGINE",
      "displayName": "Database Engine",
      "description": "Database engine: postgresql, mysql or sqlite (default)."
    },
    {
      "name": "DATABASE_NAME",
      "displayName": "Database Name"
    },
    {
      "name": "DATABASE_USER",
      "displayName": "Database User"
    },
    {
      "name": "DATABASE_PASSWORD",
      "displayName": "Database Password"
    },
    {
      "name": "CAKEPHP_SECRET_TOKEN",
      "displayName": "CakePHP Secret Token",
      "description": "Set this to a long random string.",
      "generate": "expression",
      "from": "[\\w]{50}"
    },
    {
      "name": "CAKEPHP_SECURITY_SALT",
      "displayName": "CakePHP Security Salt",
      "description": "Security salt for session hash.",
      "generate": "expression",
      "from": "[a-zA-Z0-9]{40}"
    },
    {
      "name": "CAKEPHP_SECURITY_CIPHER_SEED",
      "displayName": "CakePHP Security Cipher Seed",
      "description": "Security cipher seed for session hash.",
      "generate": "expression",
      "from": "[0-9]{30}"
    },
    {
      "name": "OPCACHE_REVALIDATE_FREQ",
      "displayName": "OPcache Revalidation Frequency",
      "description": "How often to check script timestamps for updates, in seconds. 0 will result in OPcache checking for updates on every request.",
      "value": "2"
    },
    {
      "name": "COMPOSER_MIRROR",
      "displayName": "Custom Composer Mirror URL",
      "description": "The custom Composer mirror URL",
      "value": ""
    }
  ]
}
