{
  "kind": "Template",
  "apiVersion": "v1",
  "metadata": {
    "name": "cakephp-example",
    "annotations": {
      "description": "An example CakePHP application with no database",
      "tags": "instant-app,php,cakephp",
      "iconClass": "icon-php"
    }
  },
  "labels": {
    "template": "cakephp-example"
  },
  "objects": [
    {
      "kind": "Service",
      "apiVersion": "v1",
      "metadata": {
        "name": "cakephp-example",
        "annotations": {
          "description": "Exposes and load balances the application pods"
        }
      },
      "spec": {
        "ports": [
          {
            "name": "web",
            "port": 8080,
            "targetPort": 8080
          }
        ],
        "selector": {
          "name": "cakephp-example" 
        }
      }
    },
    {
      "kind": "Route",
      "apiVersion": "v1",
      "metadata": {
        "name": "cakephp-example"
      },
      "spec": {
        "host": "${APPLICATION_DOMAIN}",
        "to": {
          "kind": "Service",
          "name": "cakephp-example"
        }
      }
    },
    {
      "kind": "ImageStream",
      "apiVersion": "v1",
      "metadata": {
        "name": "cakephp-example",
        "annotations": {
          "description": "Keeps track of changes in the application image"
        }
      }
    },
    {
      "kind": "BuildConfig",
      "apiVersion": "v1",
      "metadata": {
        "name": "cakephp-example",
        "annotations": {
          "description": "Defines how to build the application"
        }
      },
      "spec": {
        "source": {
          "type": "Git",
          "git": {
            "uri": "${SOURCE_REPOSITORY_URL}",
            "ref": "${SOURCE_REPOSITORY_REF}"
          },
          "contextDir": "${CONTEXT_DIR}"
        },
        "strategy": {
          "type": "Source",
          "sourceStrategy": {
            "from": {
              "kind": "ImageStreamTag",
              "namespace": "openshift",
              "name": "php:5.5"
            }
          }
        },
        "output": {
          "to": {
            "kind": "ImageStreamTag",
            "name": "cakephp-example:latest"
          }
        },
        "triggers": [
          {
            "type": "ImageChange"
          },
          {
            "type": "GitHub",
            "github": {
              "secret": "${GITHUB_WEBHOOK_SECRET}"
            }
          }
        ]
      }
    },
    {
      "kind": "DeploymentConfig",
      "apiVersion": "v1",
      "metadata": {
        "name": "cakephp-example",
        "annotations": {
          "description": "Defines how to deploy the application server"
        }
      },
      "spec": {
        "strategy": {
          "type": "Rolling"
        },
        "triggers": [
          {
            "type": "ImageChange",
            "imageChangeParams": {
              "automatic": true,
              "containerNames": [
                "cakephp-example"
              ],
              "from": {
                "kind": "ImageStreamTag",
                "name": "cakephp-example:latest"
              }
            }
          },
          {
            "type": "ConfigChange"
          }
        ],
        "replicas": 1,
        "selector": {
          "name": "cakephp-example"
        },
        "template": {
          "metadata": {
            "name": "cakephp-example",
            "labels": {
              "name": "cakephp-example"
            }
          },
          "spec": {
            "containers": [
              {
                "name": "cakephp-example",
                "image": "cakephp-example",
                "ports": [
                  {
                    "containerPort": 8080
                  }
                ],
                "env": [
                  {
                    "name": "DATABASE_SERVICE_NAME",
                    "value": "${DATABASE_SERVICE_NAME}"
                  },
                  {
                    "name": "DATABASE_ENGINE",
                    "value": "${DATABASE_ENGINE}"
                  },
                  {
                    "name": "DATABASE_NAME",
                    "value": "${DATABASE_NAME}"
                  },
                  {
                    "name": "DATABASE_USER",
                    "value": "${DATABASE_USER}"
                  },
                  {
                    "name": "DATABASE_PASSWORD",
                    "value": "${DATABASE_PASSWORD}"
                  },
                  {
                    "name": "CAKEPHP_SECRET_TOKEN",
                    "value": "${CAKEPHP_SECRET_TOKEN}"
                  },
                  {
                    "name": "CAKEPHP_SECURITY_SALT",
                    "value": "${CAKEPHP_SECURITY_SALT}"
                  },
                  {
                    "name": "CAKEPHP_SECURITY_CIPHER_SEED",
                    "value": "${CAKEPHP_SECURITY_CIPHER_SEED}"
                  },
                  {
                    "name": "OPCACHE_REVALIDATE_FREQ",
                    "value": "${OPCACHE_REVALIDATE_FREQ}"
                  }
                ]
              }
            ]
          }
        }
      }
    }
  ],
  "parameters": [
    {
      "name": "SOURCE_REPOSITORY_URL",
      "description": "The URL of the repository with your application source code",
      "value": "https://github.com/openshift/cakephp-ex.git"
    },
    {
      "name": "SOURCE_REPOSITORY_REF",
      "description": "Set this to a branch name, tag or other ref of your repository if you are not using the default branch"
    },
    {
      "name": "CONTEXT_DIR",
      "description": "Set this to the relative path to your project if it is not in the root of your repository"
    },
    {
      "name": "APPLICATION_DOMAIN",
      "description": "The exposed hostname that will route to the CakePHP service, if left blank a value will be defaulted.",
      "value": ""
    },
    {
      "name": "GITHUB_WEBHOOK_SECRET",
      "description": "A secret string used to configure the GitHub webhook",
      "generate": "expression",
      "from": "[a-zA-Z0-9]{40}"
    },
    {
      "name": "DATABASE_SERVICE_NAME",
      "description": "Database service name"
    },
    {
      "name": "DATABASE_ENGINE",
      "description": "Database engine: postgresql, mysql or sqlite (default)"
    },
    {
      "name": "DATABASE_NAME",
      "description": "Database name"
    },
    {
      "name": "DATABASE_USER",
      "description": "Database user name"
    },
    {
      "name": "DATABASE_PASSWORD",
      "description": "Database user password"
    },
    {
      "name": "CAKEPHP_SECRET_TOKEN",
      "description": "Set this to a long random string",
      "generate": "expression",
      "from": "[\\w]{50}"
    },
    {
      "name": "CAKEPHP_SECURITY_SALT",
      "description": "Security salt for session hash",
      "generate": "expression",
      "from": "[a-zA-Z0-9]{40}"
    },
    {
      "name": "CAKEPHP_SECURITY_CIPHER_SEED",
      "description": "Security cipher seed for session hash",
      "generate": "expression",
      "from": "[0-9]{30}"
    },
    {
      "name": "OPCACHE_REVALIDATE_FREQ",
      "description": "The How often to check script timestamps for updates, in seconds. 0 will result in OPcache checking for updates on every request.",
      "value": "2"
    }
  ]
}
