{
  "kind": "Template",
  "apiVersion": "v1",
  "metadata": {
    "name": "mongodb-ephemeral",
    "creationTimestamp": null,
    "annotations": {
      "description": "MongoDB database service, without persistent storage. WARNING: Any data stored will be lost upon pod destruction. Only use this template for testing",
      "iconClass": "icon-mongodb",
      "tags": "database,mongodb"
    }
  },
  "objects": [
    {
      "kind": "Service",
      "apiVersion": "v1",
      "metadata": {
        "name": "${DATABASE_SERVICE_NAME}",
        "creationTimestamp": null
      },
      "spec": {
        "ports": [
          {
            "name": "mongo",
            "protocol": "TCP",
            "port": 27017,
            "targetPort": 27017,
            "nodePort": 0
          }
        ],
        "selector": {
          "name": "${DATABASE_SERVICE_NAME}"
        },
        "portalIP": "",
        "type": "ClusterIP",
        "sessionAffinity": "None"
      },
      "status": {
        "loadBalancer": {}
      }
    },
    {
      "kind": "DeploymentConfig",
      "apiVersion": "v1",
      "metadata": {
        "name": "${DATABASE_SERVICE_NAME}",
        "creationTimestamp": null
      },
      "spec": {
        "strategy": {
          "type": "Recreate"
        },
        "triggers": [
          {
            "type": "ImageChange",
            "imageChangeParams": {
              "automatic": true,
              "containerNames": [
                "mongodb"
              ],
              "from": {
                "kind": "ImageStreamTag",
                "name": "mongodb:3.2",
                "namespace": "${NAMESPACE}"
              },
              "lastTriggeredImage": ""
            }
          },
          {
            "type": "ConfigChange"
          }
        ],
        "replicas": 1,
        "selector": {
          "name": "${DATABASE_SERVICE_NAME}"
        },
        "template": {
          "metadata": {
            "creationTimestamp": null,
            "labels": {
              "name": "${DATABASE_SERVICE_NAME}"
            }
          },
          "spec": {
            "containers": [
              {
                "name": "mongodb",
                "image": " ",
                "ports": [
                  {
                    "containerPort": 27017,
                    "protocol": "TCP"
                  }
                ],
                "readinessProbe": {
                  "timeoutSeconds": 1,
                  "initialDelaySeconds": 3,
                  "exec": {
                    "command": [ "/bin/sh", "-i", "-c", "mongo 127.0.0.1:27017/$MONGODB_DATABASE -u $MONGODB_USER -p $MONGODB_PASSWORD --eval=\"quit()\""]
                  }
                },
                "livenessProbe": {
                  "timeoutSeconds": 1,
                  "initialDelaySeconds": 30,
                  "tcpSocket": {
                    "port": 27017
                  }
                },
                "env": [
                  {
                    "name": "MONGODB_USER",
                    "value": "${MONGODB_USER}"
                  },
                  {
                    "name": "MONGODB_PASSWORD",
                    "value": "${MONGODB_PASSWORD}"
                  },
                  {
                    "name": "MONGODB_DATABASE",
                    "value": "${MONGODB_DATABASE}"
                  },
                  {
                    "name": "MONGODB_ADMIN_PASSWORD",
                    "value": "${MONGODB_ADMIN_PASSWORD}"
                  }
                ],
                "resources": {
                  "limits": {
                    "memory": "${MEMORY_LIMIT}"
                  }
                },
                "volumeMounts": [
                  {
                    "name": "${DATABASE_SERVICE_NAME}-data",
                    "mountPath": "/var/lib/mongodb/data"
                  }
                ],
                "terminationMessagePath": "/dev/termination-log",
                "imagePullPolicy": "IfNotPresent",
                "capabilities": {},
                "securityContext": {
                  "capabilities": {},
                  "privileged": false
                }
              }
            ],
            "volumes": [
              {
                "name": "${DATABASE_SERVICE_NAME}-data",
                "emptyDir": {
                  "medium": ""
                }
              }
            ],
            "restartPolicy": "Always",
            "dnsPolicy": "ClusterFirst"
          }
        }
      },
      "status": {}
    }
  ],
  "parameters": [
    {
      "name": "MEMORY_LIMIT",
      "displayName": "Memory Limit",
      "description": "Maximum amount of memory the container can use.",
      "value": "512Mi"
    },
    {
      "name": "NAMESPACE",
      "displayName": "Namespace",
      "description": "The OpenShift Namespace where the ImageStream resides.",
      "value": "openshift"
    },
    {
      "name": "DATABASE_SERVICE_NAME",
      "displayName": "Database Service Name",
      "description": "The name of the OpenShift Service exposed for the database.",
      "value": "mongodb",
      "required": true
    },
    {
      "name": "MONGODB_USER",
      "displayName": "MongoDB Connection Username",
      "description": "Username for MongoDB user that will be used for accessing the database.",
      "generate": "expression",
      "from": "user[A-Z0-9]{3}",
      "required": true
    },
    {
      "name": "MONGODB_PASSWORD",
      "displayName": "MongoDB Connection Password",
      "description": "Password for the MongoDB connection user.",
      "generate": "expression",
      "from": "[a-zA-Z0-9]{16}",
      "required": true
    },
    {
      "name": "MONGODB_DATABASE",
      "displayName": "MongoDB Database Name",
      "description": "Name of the MongoDB database accessed.",
      "value": "sampledb",
      "required": true
    },
    {
      "name": "MONGODB_ADMIN_PASSWORD",
      "displayName": "MongoDB Admin Password",
      "description": "Password for the database admin user.",
      "generate": "expression",
      "from": "[a-zA-Z0-9]{16}",
      "required": true
    }
  ],
  "labels": {
    "template": "mongodb-ephemeral-template"
  },
  "message": "You can connect to the database using MongoDB connection URL mongodb://${MONGODB_USER}:${MONGODB_PASSWORD}@${DATABASE_SERVICE_NAME}/${MONGODB_DATABASE}"
}
