{
    "kind": "Template",
    "apiVersion": "v1",
    "metadata": {
        "annotations": {
            "description": "Application template for EAP 6 A-MQ applications built using S2I.",
            "iconClass": "icon-jboss",
            "tags": "eap,amq,javaee,java,messaging,jboss,xpaas",
            "version": "1.1.0"
        },
        "name": "eap64-amq-s2i"
    },
    "labels": {
        "template": "eap64-amq-s2i",
        "xpaas": "1.1.0"
    },
    "parameters": [
        {
            "description": "The name for the application.",
            "name": "APPLICATION_NAME",
            "value": "eap-app",
            "required": true
        },
        {
            "description": "Custom hostname for service routes.  Leave blank for default hostname, e.g.: <application-name>.<project>.<default-domain-suffix>",
            "name": "APPLICATION_DOMAIN",
            "value": "",
            "required": false
        },
        {
            "description": "Git source URI for application",
            "name": "SOURCE_REPOSITORY_URL",
            "value": "https://github.com/jboss-openshift/openshift-quickstarts.git",
            "required": true
        },
        {
            "description": "Git branch/tag reference",
            "name": "SOURCE_REPOSITORY_REF",
            "value": "1.1",
            "required": false
        },
        {
            "description": "Path within Git project to build; empty for root project directory.",
            "name": "CONTEXT_DIR",
            "value": "helloworld-mdb",
            "required": false
        },
        {
            "description": "JNDI name for connection factory used by applications to connect to the broker, e.g. java:/ConnectionFactory",
            "name": "MQ_JNDI",
            "value": "java:/ConnectionFactory",
            "required": false
        },
        {
            "description": "Broker protocols to configure, separated by commas. Allowed values are: `openwire`, `amqp`, `stomp` and `mqtt`. Only `openwire` is supported by EAP.",
            "name": "MQ_PROTOCOL",
            "value": "openwire",
            "required": false
        },
        {
            "description": "Queue names, separated by commas. These queues will be automatically created when the broker starts. Also, they will be made accessible as JNDI resources in EAP.",
            "name": "MQ_QUEUES",
            "value": "HELLOWORLDMDBQueue",
            "required": false
        },
        {
            "description": "Topic names, separated by commas. These topics will be automatically created when the broker starts. Also, they will be made accessible as JNDI resources in EAP.",
            "name": "MQ_TOPICS",
            "value": "HELLOWORLDMDBTopic",
            "required": false
        },
        {
            "description": "The name of the secret containing the keystore file",
            "name": "EAP_HTTPS_SECRET",
            "value": "eap-app-secret",
            "required": false
        },
        {
            "description": "The name of the keystore file within the secret",
            "name": "EAP_HTTPS_KEYSTORE",
            "value": "keystore.jks",
            "required": false
        },
        {
            "description": "The name associated with the server certificate",
            "name": "EAP_HTTPS_NAME",
            "value": "",
            "required": false
        },
        {
            "description": "The password for the keystore and certificate",
            "name": "EAP_HTTPS_PASSWORD",
            "value": "",
            "required": false
        },
        {
            "description": "User name for standard broker user. It is required for connecting to the broker. If left empty, it will be generated.",
            "name": "MQ_USERNAME",
            "from": "user[a-zA-Z0-9]{3}",
            "generate": "expression",
            "required": false
        },
        {
            "description": "Password for standard broker user. It is required for connecting to the broker. If left empty, it will be generated.",
            "name": "MQ_PASSWORD",
            "from": "[a-zA-Z0-9]{8}",
            "generate": "expression",
            "required": false
        },
        {
            "description": "User name for broker admin. If left empty, it will be generated.",
            "name": "AMQ_ADMIN_USERNAME",
            "from": "user[a-zA-Z0-9]{3}",
            "generate": "expression",
            "required": true
        },
        {
            "description": "Password for broker admin. If left empty, it will be generated.",
            "name": "AMQ_ADMIN_PASSWORD",
            "from": "[a-zA-Z0-9]{8}",
            "generate": "expression",
            "required": true
        },
        {
            "description": "GitHub trigger secret",
            "name": "GITHUB_WEBHOOK_SECRET",
            "from": "[a-zA-Z0-9]{8}",
            "generate": "expression",
            "required": true
        },
        {
            "description": "Generic build trigger secret",
            "name": "GENERIC_WEBHOOK_SECRET",
            "from": "[a-zA-Z0-9]{8}",
            "generate": "expression",
            "required": true
        },
        {
            "description": "Namespace in which the ImageStreams for Red Hat Middleware images are installed. These ImageStreams are normally installed in the openshift namespace. You should only need to modify this if you've installed the ImageStreams in a different namespace/project.",
            "name": "IMAGE_STREAM_NAMESPACE",
            "value": "openshift",
            "required": true
        }
    ],
    "objects": [
        {
            "kind": "Service",
            "apiVersion": "v1",
            "spec": {
                "ports": [
                    {
                        "port": 8080,
                        "targetPort": 8080
                    }
                ],
                "selector": {
                    "deploymentConfig": "${APPLICATION_NAME}"
                }
            },
            "metadata": {
                "name": "${APPLICATION_NAME}",
                "labels": {
                    "application": "${APPLICATION_NAME}"
                },
                "annotations": {
                    "description": "The web server's HTTP port."
                }
            }
        },
        {
            "kind": "Service",
            "apiVersion": "v1",
            "spec": {
                "ports": [
                    {
                        "port": 8443,
                        "targetPort": 8443
                    }
                ],
                "selector": {
                    "deploymentConfig": "${APPLICATION_NAME}"
                }
            },
            "metadata": {
                "name": "secure-${APPLICATION_NAME}",
                "labels": {
                    "application": "${APPLICATION_NAME}"
                },
                "annotations": {
                    "description": "The web server's HTTPS port."
                }
            }
        },
        {
            "kind": "Service",
            "apiVersion": "v1",
            "spec": {
                "ports": [
                    {
                        "port": 61616,
                        "targetPort": 61616
                    }
                ],
                "selector": {
                    "deploymentConfig": "${APPLICATION_NAME}-amq"
                }
            },
            "metadata": {
                "name": "${APPLICATION_NAME}-amq-tcp",
                "labels": {
                    "application": "${APPLICATION_NAME}"
                },
                "annotations": {
                    "description": "The broker's OpenWire port."
                }
            }
        },
        {
            "kind": "Route",
            "apiVersion": "v1",
            "id": "${APPLICATION_NAME}-http",
            "metadata": {
                "name": "${APPLICATION_NAME}",
                "labels": {
                    "application": "${APPLICATION_NAME}"
                },
                "annotations": {
                    "description": "Route for application's HTTP service."
                }
            },
            "spec": {
                "host": "${APPLICATION_DOMAIN}",
                "to": {
                    "name": "${APPLICATION_NAME}"
                }
            }
        },
        {
            "kind": "Route",
            "apiVersion": "v1",
            "id": "${APPLICATION_NAME}-https",
            "metadata": {
                "name": "secure-${APPLICATION_NAME}",
                "labels": {
                    "application": "${APPLICATION_NAME}"
                },
                "annotations": {
                    "description": "Route for application's HTTPS service."
                }
            },
            "spec": {
                "host": "${APPLICATION_DOMAIN}",
                "to": {
                    "name": "secure-${APPLICATION_NAME}"
                },
                "tls": {
                    "termination": "passthrough"
                }
            }
        },
        {
            "kind": "ImageStream",
            "apiVersion": "v1",
            "metadata": {
                "name": "${APPLICATION_NAME}",
                "labels": {
                    "application": "${APPLICATION_NAME}"
                }
            }
        },
        {
            "kind": "BuildConfig",
            "apiVersion": "v1",
            "metadata": {
                "name": "${APPLICATION_NAME}",
                "labels": {
                    "application": "${APPLICATION_NAME}"
                }
            },
            "spec": {
                "source": {
                    "type": "Git",
                    "git": {
                        "uri": "${SOURCE_REPOSITORY_URL}",
                        "ref": "${SOURCE_REPOSITORY_REF}"
                    },
                    "contextDir": "${CONTEXT_DIR}"
                },
                "strategy": {
                    "type": "Source",
                    "sourceStrategy": {
                        "forcePull": true,
                        "from": {
                            "kind": "ImageStreamTag",
                            "namespace": "${IMAGE_STREAM_NAMESPACE}",
                            "name": "jboss-eap64-openshift:1.1"
                        }
                    }
                },
                "output": {
                    "to": {
                        "kind": "ImageStreamTag",
                        "name": "${APPLICATION_NAME}:latest"
                    }
                },
                "triggers": [
                    {
                        "type": "GitHub",
                        "github": {
                            "secret": "${GITHUB_WEBHOOK_SECRET}"
                        }
                    },
                    {
                        "type": "Generic",
                        "generic": {
                            "secret": "${GENERIC_WEBHOOK_SECRET}"
                        }
                    },
                    {
                        "type": "ImageChange",
                        "imageChange": {}
                    },
                    {
                        "type": "ConfigChange"
                    }
                ]
            }
        },
        {
            "kind": "DeploymentConfig",
            "apiVersion": "v1",
            "metadata": {
                "name": "${APPLICATION_NAME}",
                "labels": {
                    "application": "${APPLICATION_NAME}"
                }
            },
            "spec": {
                "strategy": {
                    "type": "Recreate"
                },
                "triggers": [
                    {
                        "type": "ImageChange",
                        "imageChangeParams": {
                            "automatic": true,
                            "containerNames": [
                                "${APPLICATION_NAME}"
                            ],
                            "from": {
                                "kind": "ImageStream",
                                "name": "${APPLICATION_NAME}"
                            }
                        }
                    },
                    {
                        "type": "ConfigChange"
                    }
                ],
                "replicas": 1,
                "selector": {
                    "deploymentConfig": "${APPLICATION_NAME}"
                },
                "template": {
                    "metadata": {
                        "name": "${APPLICATION_NAME}",
                        "labels": {
                            "deploymentConfig": "${APPLICATION_NAME}",
                            "application": "${APPLICATION_NAME}"
                        }
                    },
                    "spec": {
                        "serviceAccount": "eap-service-account",
                        "terminationGracePeriodSeconds": 60,
                        "containers": [
                            {
                                "name": "${APPLICATION_NAME}",
                                "image": "${APPLICATION_NAME}",
                                "imagePullPolicy": "Always",
                                "volumeMounts": [
                                    {
                                        "name": "eap-keystore-volume",
                                        "mountPath": "/etc/eap-secret-volume",
                                        "readOnly": true
                                    }
                                ],
                                "readinessProbe": {
                                    "exec": {
                                        "command": [
                                            "/bin/bash",
                                            "-c",
                                            "/opt/eap/bin/readinessProbe.sh"
                                        ]
                                    }
                                },
                                "ports": [
                                    {
                                        "name": "http",
                                        "containerPort": 8080,
                                        "protocol": "TCP"
                                    },
                                    {
                                        "name": "https",
                                        "containerPort": 8443,
                                        "protocol": "TCP"
                                    },
                                    {
                                        "name": "ping",
                                        "containerPort": 8888,
                                        "protocol": "TCP"
                                    }
                                ],
                                "env": [
                                    {
                                        "name": "MQ_SERVICE_PREFIX_MAPPING",
                                        "value": "${APPLICATION_NAME}-amq=MQ"
                                    },
                                    {
                                        "name": "MQ_JNDI",
                                        "value": "${MQ_JNDI}"
                                    },
                                    {
                                        "name": "MQ_USERNAME",
                                        "value": "${MQ_USERNAME}"
                                    },
                                    {
                                        "name": "MQ_PASSWORD",
                                        "value": "${MQ_PASSWORD}"
                                    },
                                    {
                                        "name": "MQ_PROTOCOL",
                                        "value": "tcp"
                                    },
                                    {
                                        "name": "MQ_QUEUES",
                                        "value": "${MQ_QUEUES}"
                                    },
                                    {
                                        "name": "MQ_TOPICS",
                                        "value": "${MQ_TOPICS}"
                                    },
                                    {
                                        "name": "OPENSHIFT_KUBE_PING_LABELS",
                                        "value": "application=${APPLICATION_NAME}"
                                    },
                                    {
                                        "name": "OPENSHIFT_KUBE_PING_NAMESPACE",
                                        "valueFrom": {
                                            "fieldRef": {
                                                "fieldPath": "metadata.namespace"
                                            }
                                        }
                                    },
                                    {
                                        "name": "EAP_HTTPS_KEYSTORE_DIR",
                                        "value": "/etc/eap-secret-volume"
                                    },
                                    {
                                        "name": "EAP_HTTPS_KEYSTORE",
                                        "value": "${EAP_HTTPS_KEYSTORE}"
                                    },
                                    {
                                        "name": "EAP_HTTPS_NAME",
                                        "value": "${EAP_HTTPS_NAME}"
                                    },
                                    {
                                        "name": "EAP_HTTPS_PASSWORD",
                                        "value": "${EAP_HTTPS_PASSWORD}"
                                    }
                                ]
                            }
                        ],
                        "volumes": [
                            {
                                "name": "eap-keystore-volume",
                                "secret": {
                                    "secretName": "${EAP_HTTPS_SECRET}"
                                }
                            }
                        ]
                    }
                }
            }
        },
        {
            "kind": "DeploymentConfig",
            "apiVersion": "v1",
            "metadata": {
                "name": "${APPLICATION_NAME}-amq",
                "labels": {
                    "application": "${APPLICATION_NAME}"
                }
            },
            "spec": {
                "strategy": {
                    "type": "Recreate"
                },
                "triggers": [
                    {
                        "type": "ImageChange",
                        "imageChangeParams": {
                            "automatic": true,
                            "containerNames": [
                                "${APPLICATION_NAME}-amq"
                            ],
                            "from": {
                                "kind": "ImageStreamTag",
                                "namespace": "${IMAGE_STREAM_NAMESPACE}",
                                "name": "jboss-amq-62:1.1"
                            }
                        }
                    },
                    {
                        "type": "ConfigChange"
                    }
                ],
                "replicas": 1,
                "selector": {
                    "deploymentConfig": "${APPLICATION_NAME}-amq"
                },
                "template": {
                    "metadata": {
                        "name": "${APPLICATION_NAME}-amq",
                        "labels": {
                            "deploymentConfig": "${APPLICATION_NAME}-amq",
                            "application": "${APPLICATION_NAME}"
                        }
                    },
                    "spec": {
                        "terminationGracePeriodSeconds": 60,
                        "containers": [
                            {
                                "name": "${APPLICATION_NAME}-amq",
                                "image": "jboss-amq-62",
                                "imagePullPolicy": "Always",
                                "readinessProbe": {
                                    "exec": {
                                        "command": [
                                            "/bin/bash",
                                            "-c",
                                            "curl -s -L -u ${AMQ_ADMIN_USERNAME}:${AMQ_ADMIN_PASSWORD} 'http://localhost:8161/hawtio/jolokia/read/org.apache.activemq:type=Broker,brokerName=*,service=Health/CurrentStatus' | grep -q '\"CurrentStatus\" *: *\"Good\"'"
                                        ]
                                    }
                                },
                                "ports": [
                                    {
                                        "name": "amqp",
                                        "containerPort": 5672,
                                        "protocol": "TCP"
                                    },
                                    {
                                        "name": "amqp-ssl",
                                        "containerPort": 5671,
                                        "protocol": "TCP"
                                    },
                                    {
                                        "name": "mqtt",
                                        "containerPort": 1883,
                                        "protocol": "TCP"
                                    },
                                    {
                                        "name": "stomp",
                                        "containerPort": 61613,
                                        "protocol": "TCP"
                                    },
                                    {
                                        "name": "stomp-ssl",
                                        "containerPort": 61612,
                                        "protocol": "TCP"
                                    },
                                    {
                                        "name": "tcp",
                                        "containerPort": 61616,
                                        "protocol": "TCP"
                                    },
                                    {
                                        "name": "tcp-ssl",
                                        "containerPort": 61617,
                                        "protocol": "TCP"
                                    }
                                ],
                                "env": [
                                    {
                                        "name": "AMQ_USER",
                                        "value": "${MQ_USERNAME}"
                                    },
                                    {
                                        "name": "AMQ_PASSWORD",
                                        "value": "${MQ_PASSWORD}"
                                    },
                                    {
                                        "name": "AMQ_TRANSPORTS",
                                        "value": "${MQ_PROTOCOL}"
                                    },
                                    {
                                        "name": "AMQ_QUEUES",
                                        "value": "${MQ_QUEUES}"
                                    },
                                    {
                                        "name": "AMQ_TOPICS",
                                        "value": "${MQ_TOPICS}"
                                    },
                                    {
                                        "name": "AMQ_ADMIN_USERNAME",
                                        "value": "${AMQ_ADMIN_USERNAME}"
                                    },
                                    {
                                        "name": "AMQ_ADMIN_PASSWORD",
                                        "value": "${AMQ_ADMIN_PASSWORD}"
                                    }
                                ]
                            }
                        ]
                    }
                }
            }
        }
    ]
}
