{
    "kind": "ImageStreamList",
    "apiVersion": "v1",
    "metadata": {
        "name": "dotnet-image-streams",
        "annotations": {
            "description": "ImageStream definitions for .NET Core on RHEL"
        }
    },
    "items": [
        {
            "kind": "ImageStream",
            "apiVersion": "v1",
            "metadata": {
                "name": "dotnet",
                "annotations": {
                    "openshift.io/display-name": ".NET Core"
                }
            },
            "spec": {
                "tags": [
                    {
                        "name": "latest",
                        "annotations": {
                          "openshift.io/display-name": ".NET Core (Latest)",
                          "description": "Build and run .NET Core applications on RHEL 7. For more information about using this builder image, including OpenShift considerations, see https://github.com/redhat-developer/s2i-dotnetcore/tree/master/1.1/README.md.\n\nWARNING: By selecting this tag, your application will automatically update to use the latest version of .NET Core available on OpenShift, including major versions updates.",
                          "iconClass": "icon-dotnet",
                          "tags": "builder,.net,dotnet,dotnetcore",
                          "supports":"dotnet",
                          "sampleRepo": "https://github.com/redhat-developer/s2i-dotnetcore.git",
                          "sampleContextDir": "1.1/test/asp-net-hello-world"
                        },
                        "from": {
                          "kind": "ImageStreamTag",
                          "name": "1.1"
                        }
                    },
                    {
                        "name": "1.1",
                        "annotations": {
                            "openshift.io/display-name": ".NET Core 1.1",
                            "description": "Build and run .NET Core 1.1 applications on RHEL 7. For more information about using this builder image, including OpenShift considerations, see https://github.com/redhat-developer/s2i-dotnetcore/tree/master/1.1/README.md.",
                            "iconClass": "icon-dotnet",
                            "tags": "builder,.net,dotnet,dotnetcore,rh-dotnetcore11",
                            "supports":"dotnet:1.1,dotnet",
                            "sampleRepo": "https://github.com/redhat-developer/s2i-dotnetcore.git",
                            "sampleContextDir": "1.1/test/asp-net-hello-world",
                            "version": "1.1"
                        },
                        "from": {
                          "kind": "DockerImage",
                          "name": "registry.access.redhat.com/dotnet/dotnetcore-11-rhel7:1.1"
                        }
                    },
                    {
                        "name": "1.0",
                        "annotations": {
                            "openshift.io/display-name": ".NET Core 1.0",
                            "description": "Build and run .NET Core 1.0 applications on RHEL 7. For more information about using this builder image, including OpenShift considerations, see https://github.com/redhat-developer/s2i-dotnetcore/tree/master/1.0/README.md.",
                            "iconClass": "icon-dotnet",
                            "tags": "builder,.net,dotnet,dotnetcore,rh-dotnetcore10",
                            "supports":"dotnet:1.0,dotnet",
                            "sampleRepo": "https://github.com/redhat-developer/s2i-dotnetcore.git",
                            "sampleContextDir": "1.0/test/asp-net-hello-world",
                            "version": "1.0"
                        },
                        "from": {
                          "kind": "DockerImage",
                          "name": "registry.access.redhat.com/dotnet/dotnetcore-10-rhel7:1.0"
                        }
                    }
                ]
            }
        }
    ]
}
